year,month,fleet,sex,partition,ageerr,Lbin_lo,Lbin_hi,input_n,f00000,f1,f2,f3,f4,f5,f6,f7,f8,f9,f10,f11,f12,f13,f14,f15,f16,f17,f18,f19,f20,f21,f22,f23,f24,f25,f26,f27,f28,f29,f30,f31,f32,f33,f34,f35,f36,f37,f38,f39,f40,f41,f42,f43,f44,f45,f46,f47,f48,f49,f50,m00000,m1,m2,m3,m4,m5,m6,m7,m8,m9,m10,m11,m12,m13,m14,m15,m16,m17,m18,m19,m20,m21,m22,m23,m24,m25,m26,m27,m28,m29,m30,m31,m32,m33,m34,m35,m36,m37,m38,m39,m40,m41,m42,m43,m44,m45,m46,m47,m48,m49,m50
1986,7,1,0,0,1,-1,-1,3.966,0,81.3686,1720.215,769.9447,0,0,0,0,0,0,0,0,0,0,0,0,0,0,0,0,0,0,0,0,0,0,0,0,0,0,0,0,0,0,0,0,0,0,0,0,0,0,0,0,0,0,0,0,0,0,0,0,0,0,0,0,0,0,0,0,0,0,0,0,0,0,0,0,0,0,0,0,0,0,0,0,0,0,0,0,0,0,0,0,0,0,0,0,0,0,0,0,0,0,0,0,0,0,0,0,0,0
1987,7,1,0,0,1,-1,-1,16.488,0,0,1957.5519,817.5656,4531.8279,1257.0327,7170.723,5882.3221,2984.1763,6503.3796,2457.2296,526.9467,2243.3655,3657.4265,0,431.1119,2249.409,1602.521,1528.4559,883.9935,1458.806,1734.8861,1639.3175,1282.2707,452.6154,0,0,0,0,0,1282.2707,0,0,0,0,0,0,0,0,0,1458.806,0,1282.2707,0,0,0,0,0,0,0,0,0,0,0,0,0,0,0,0,0,0,0,0,0,0,0,0,0,0,0,0,0,0,0,0,0,0,0,0,0,0,0,0,0,0,0,0,0,0,0,0,0,0,0,0,0,0,0,0,0,0,0
1988,7,1,0,0,1,-1,-1,3.07,0,0,0,0,0,0,0,0,0,0,0,2773.8457,0,0,0,817.0166,817.0166,1634.0332,978.4145,817.0166,817.0166,0,0,0,0,0,0,0,0,1956.829,817.0166,0,0,978.4145,0,0,978.4145,0,0,0,0,0,0,0,0,0,0,0,0,0,0,0,0,0,0,0,0,0,0,0,0,0,0,0,0,0,0,0,0,0,0,0,0,0,0,0,0,0,0,0,0,0,0,0,0,0,0,0,0,0,0,0,0,0,0,0,0,0,0,0,0,0
1990,7,1,0,0,1,-1,-1,1.138,0,0,0,302.2649,0,0,0,0,0,0,0,0,0,0,0,0,0,0,0,0,0,0,0,0,0,0,0,0,0,0,0,0,0,0,0,0,0,0,0,0,0,0,0,0,0,0,0,0,0,0,0,0,0,0,0,0,0,0,0,0,0,0,0,0,0,0,0,0,0,0,0,0,0,0,0,0,0,0,0,0,0,0,0,0,0,0,0,0,0,0,0,0,0,0,0,0,0,0,0,0,0,0
1991,7,1,0,0,1,-1,-1,18.662,0,639.0722,11306.8164,10607.6097,2464.6285,1948.472,854.4112,535.9935,0,870.3034,217.5759,0,0,0,0,0,0,0,0,0,0,0,0,318.4177,0,0,0,0,0,0,0,0,0,0,0,0,0,0,0,0,0,0,0,0,0,0,0,0,0,0,0,0,0,0,0,0,0,0,0,0,0,0,0,0,0,0,0,0,0,0,0,0,0,0,0,0,0,0,0,0,0,0,0,0,0,0,0,0,0,0,0,0,0,0,0,0,0,0,0,0,0,0
1992,7,1,0,0,1,-1,-1,19.904,0,1138.7699,8581.7311,5869.8881,952.2944,308.6581,451.9335,417.4563,278.3042,0,0,139.1521,0,0,0,0,0,0,0,0,0,0,0,0,92.6325,0,0,0,0,0,0,0,139.1521,0,0,0,0,0,0,0,0,0,0,0,0,0,0,0,0,0,0,0,0,0,0,0,0,0,0,0,0,0,0,0,0,0,0,0,0,0,0,0,0,0,0,0,0,0,0,0,0,0,0,0,0,0,0,0,0,0,0,0,0,0,0,0,0,0,0,0,0,0
1993,7,1,0,0,1,-1,-1,5.208,0,0,0,6602.6879,4401.7919,1333.0933,1458.806,1100.448,0,2200.896,0,0,0,0,0,0,0,0,0,0,0,0,0,0,0,0,0,0,0,0,0,0,0,0,0,0,0,0,0,0,0,0,0,0,0,0,0,0,0,0,0,0,0,0,0,0,0,0,0,0,0,0,0,0,0,0,0,0,0,0,0,0,0,0,0,0,0,0,0,0,0,0,0,0,0,0,0,0,0,0,0,0,0,0,0,0,0,0,0,0,0,0
1994,7,1,0,0,1,-1,-1,4.38,0,0,0,0,955.7792,0,955.7792,0,321.6646,0,0,321.6646,0,1008.6833,0,0,0,0,0,0,0,0,0,0,0,955.7792,687.0188,0,0,0,0,0,0,321.6646,687.0188,0,0,0,0,0,0,0,0,0,0,0,0,0,0,0,0,0,0,0,0,0,0,0,0,0,0,0,0,0,0,0,0,0,0,0,0,0,0,0,0,0,0,0,0,0,0,0,0,0,0,0,0,0,0,0,0,0,0,0,0,0,0,0,0,0,0,0
1996,7,1,0,0,1,-1,-1,7.278,0,0,0,0,915.2421,2079.9417,582.3498,4076.4485,1211.9171,3006.184,629.5673,1484.8828,0,1259.1347,629.5673,1259.1347,0,629.5673,0,0,0,0,0,0,0,0,0,0,0,0,0,0,0,0,0,0,0,0,0,0,0,0,0,0,0,0,0,0,0,0,0,0,0,0,0,0,0,0,0,0,0,0,0,0,0,0,0,0,0,0,0,0,0,0,0,0,0,0,0,0,0,0,0,0,0,0,0,0,0,0,0,0,0,0,0,0,0,0,0,0,0,0
1997,7,1,0,0,1,-1,-1,6.38,0,0,229.6143,138.2178,338.8415,256.7742,401.2474,0,288.8832,0,0,0,0,0,0,0,0,0,0,0,0,0,0,0,0,0,0,0,0,0,0,0,0,0,0,0,0,0,0,0,0,0,0,0,0,0,0,0,0,0,200.6237,0,0,0,0,0,0,0,0,0,0,0,0,0,0,0,0,0,0,0,0,0,0,0,0,0,0,0,0,0,0,0,0,0,0,0,0,0,0,0,0,0,0,0,0,0,0,0,0,0,0,0
1998,7,1,0,0,1,-1,-1,2.276,0,0,0,517.7338,0,0,0,0,0,0,0,0,0,0,0,0,0,0,0,0,0,0,0,0,0,0,0,0,0,0,0,0,0,0,0,0,0,0,0,0,0,0,0,0,0,0,0,0,0,0,0,0,0,0,0,0,0,0,0,0,0,0,0,0,0,0,0,0,0,0,0,0,0,0,0,0,0,0,0,0,0,0,0,0,0,0,0,0,0,0,0,0,0,0,0,0,0,0,0,0,0,0
1999,7,1,0,0,1,-1,-1,1.138,0,0,0,0,26.5801,0,0,0,0,0,0,0,0,0,0,0,0,0,0,0,0,0,0,0,0,0,0,0,0,0,0,0,0,0,0,0,0,0,0,0,0,0,0,0,0,0,0,0,0,0,0,0,0,0,0,0,0,0,0,0,0,0,0,0,0,0,0,0,0,0,0,0,0,0,0,0,0,0,0,0,0,0,0,0,0,0,0,0,0,0,0,0,0,0,0,0,0,0,0,0,0,0
2000,7,1,0,0,1,-1,-1,4.07,0,6797.7197,4248.9582,2165.0742,0,2083.8839,0,0,0,0,0,0,0,0,0,0,0,0,0,0,0,0,0,0,0,0,0,0,0,0,0,0,0,0,0,0,0,0,0,0,0,0,0,0,0,0,0,0,0,0,0,0,0,0,0,0,0,0,0,0,0,0,0,0,0,0,0,0,0,0,0,0,0,0,0,0,0,0,0,0,0,0,0,0,0,0,0,0,0,0,0,0,0,0,0,0,0,0,0,0,0,0
2001,7,1,0,0,1,-1,-1,15.21,0,1119.7505,4876.8641,79.5037,0,346.344,63.4692,0,0,0,0,0,0,0,0,0,346.344,0,0,0,0,0,0,0,0,0,0,0,0,0,0,346.344,0,0,0,0,0,0,346.344,0,0,0,0,0,0,0,0,0,0,0,0,0,0,0,0,0,0,0,0,0,0,0,0,0,0,0,0,0,0,0,0,0,0,0,0,0,0,0,0,0,0,0,0,0,0,0,0,0,0,0,0,0,0,0,0,0,0,0,0,0,0,0
2002,7,1,0,0,1,-1,-1,8.656,0,0,3279.7363,54.2524,0,30.7145,0,0,0,0,0,0,0,0,547.213,0,0,0,0,0,0,0,0,0,0,0,0,0,0,0,0,0,0,0,0,0,0,0,0,0,0,0,0,0,0,0,0,0,0,0,0,0,0,0,0,0,0,0,0,0,0,0,0,0,0,0,0,0,0,0,0,0,0,0,0,0,0,0,0,0,0,0,0,0,0,0,0,0,0,0,0,0,0,0,0,0,0,0,0,0,0,0
2003,7,1,0,0,1,-1,-1,1.138,0,0,0,82.2118,0,0,0,0,0,0,0,0,0,0,0,0,0,0,0,0,0,0,0,0,0,0,0,0,0,0,0,0,0,0,0,0,0,0,0,0,0,0,0,0,0,0,0,0,0,0,0,0,0,0,0,0,0,0,0,0,0,0,0,0,0,0,0,0,0,0,0,0,0,0,0,0,0,0,0,0,0,0,0,0,0,0,0,0,0,0,0,0,0,0,0,0,0,0,0,0,0,0
2005,7,1,0,0,1,-1,-1,1.138,0,216.6673,0,0,0,0,0,0,0,0,0,0,0,0,0,0,0,0,0,0,0,0,0,0,0,0,0,0,0,0,0,0,0,0,0,0,0,0,0,0,0,0,0,0,0,0,0,0,0,0,0,0,0,0,0,0,0,0,0,0,0,0,0,0,0,0,0,0,0,0,0,0,0,0,0,0,0,0,0,0,0,0,0,0,0,0,0,0,0,0,0,0,0,0,0,0,0,0,0,0,0,0
2007,7,1,0,0,1,-1,-1,9.106,0,0,246.2336,122.3248,31.3488,98.1338,74.1293,33.8177,30.685,0,0,0,0,0,0,0,0,0,0,0,0,0,0,0,0,0,0,0,0,0,0,0,0,0,0,0,0,0,0,0,0,0,0,0,0,0,0,0,0,0,0,0,0,0,0,0,0,0,0,0,0,0,0,0,0,0,0,0,0,0,0,0,0,0,0,0,0,0,0,0,0,0,0,0,0,0,0,0,0,0,0,0,0,0,0,0,0,0,0,0,0,0
2008,7,1,0,0,1,-1,-1,1.138,0,0,0,0,0,0,0,0,35.9686,0,0,0,0,0,0,0,0,0,0,0,0,0,0,0,0,0,0,0,0,0,0,0,0,0,0,0,0,0,0,0,0,0,0,0,0,0,0,0,0,0,0,0,0,0,0,0,0,0,0,0,0,0,0,0,0,0,0,0,0,0,0,0,0,0,0,0,0,0,0,0,0,0,0,0,0,0,0,0,0,0,0,0,0,0,0,0,0,0,0,0,0,0
2009,7,1,0,0,1,-1,-1,6.278,0,4292.5768,0,760.0275,0,0,0,0,0,0,0,0,0,0,0,0,0,0,0,0,0,0,0,0,0,0,0,0,0,0,0,0,0,0,0,0,0,0,0,0,0,0,0,0,0,0,0,0,0,0,0,0,0,0,0,0,0,0,0,0,0,0,0,0,0,0,0,0,0,0,0,0,0,0,0,0,0,0,0,0,0,0,0,0,0,0,0,0,0,0,0,0,0,0,0,0,0,0,0,0,0,0
2010,7,1,0,0,1,-1,-1,1.138,0,0,0,0,0,0,0,0,0,0,0,58.0002,0,0,0,0,0,0,0,0,0,0,0,0,0,0,0,0,0,0,0,0,0,0,0,0,0,0,0,0,0,0,0,0,0,0,0,0,0,0,0,0,0,0,0,0,0,0,0,0,0,0,0,0,0,0,0,0,0,0,0,0,0,0,0,0,0,0,0,0,0,0,0,0,0,0,0,0,0,0,0,0,0,0,0,0,0,0,0,0,0,0
2011,7,1,0,0,1,-1,-1,1.138,0,0,0,172.0337,0,0,0,0,0,0,0,0,0,0,0,0,0,0,0,0,0,0,0,0,0,0,0,0,0,0,0,0,0,0,0,0,0,0,0,0,0,0,0,0,0,0,0,0,0,0,0,0,0,0,0,0,0,0,0,0,0,0,0,0,0,0,0,0,0,0,0,0,0,0,0,0,0,0,0,0,0,0,0,0,0,0,0,0,0,0,0,0,0,0,0,0,0,0,0,0,0,0
2012,7,1,0,0,1,-1,-1,1.138,0,0,0,0,1399.3545,0,0,0,0,0,0,0,0,0,0,0,0,0,0,0,0,0,0,0,0,0,0,0,0,0,0,0,0,0,0,0,0,0,0,0,0,0,0,0,0,0,0,0,0,0,0,0,0,0,0,0,0,0,0,0,0,0,0,0,0,0,0,0,0,0,0,0,0,0,0,0,0,0,0,0,0,0,0,0,0,0,0,0,0,0,0,0,0,0,0,0,0,0,0,0,0,0
2013,7,1,0,0,1,-1,-1,4.656,0,0,0,59.9658,291.9159,291.9159,97.3053,0,0,0,103.9093,0,0,194.6106,0,0,0,0,0,0,97.3053,0,0,0,0,0,0,0,0,0,0,0,0,0,0,0,0,0,0,0,0,0,0,0,0,0,0,0,0,0,0,0,0,0,0,0,0,0,0,0,0,0,0,0,0,0,0,0,0,0,0,0,0,0,0,0,0,0,0,0,0,0,0,0,0,0,0,0,0,0,0,0,0,0,0,0,0,0,0,0,0,0
2014,7,1,0,0,1,-1,-1,1.828,0,297.3371,0,0,0,0,0,0,0,0,0,0,0,0,0,0,0,0,0,0,0,0,0,0,0,0,0,0,0,0,0,0,0,0,0,0,0,0,0,0,0,0,0,0,0,0,0,0,0,0,0,0,0,0,0,0,0,0,0,0,0,0,0,0,0,0,0,0,0,0,0,0,0,0,0,0,0,0,0,0,0,0,0,0,0,0,0,0,0,0,0,0,0,0,0,0,0,0,0,0,0,0
2016,7,1,0,0,1,-1,-1,3.208,0,0,0,311.0539,0,23.9272,0,47.8544,0,0,0,0,0,0,0,0,0,0,0,0,0,0,0,0,0,0,0,0,0,0,0,0,0,0,0,0,0,0,0,0,0,0,0,0,0,0,0,0,0,0,0,0,0,0,0,0,0,0,0,0,0,0,0,0,0,0,0,0,0,0,0,0,0,0,0,0,0,0,0,0,0,0,0,0,0,0,0,0,0,0,0,0,0,0,0,0,0,0,0,0,0,0
2017,7,1,0,0,1,-1,-1,2.414,0,1777.6223,0,0,0,0,0,0,0,0,0,0,0,0,0,0,0,0,0,0,0,0,0,0,0,0,0,0,0,0,0,0,0,0,0,0,0,0,0,0,0,0,0,0,0,0,0,0,0,0,0,0,0,0,0,0,0,0,0,0,0,0,0,0,0,0,0,0,0,0,0,0,0,0,0,0,0,0,0,0,0,0,0,0,0,0,0,0,0,0,0,0,0,0,0,0,0,0,0,0,0,0
2019,7,1,0,0,1,-1,-1,7.898,0,5.8321,0,5079.4506,1038.2216,684.5142,0,0,0,0,0,0,0,0,0,0,0,0,0,0,0,0,0,0,0,0,0,0,0,0,0,0,0,0,0,0,0,0,0,0,0,0,0,0,0,0,0,0,0,0,0,0,0,0,0,0,0,0,0,0,0,0,0,0,0,0,0,0,0,0,0,0,0,0,0,0,0,0,0,0,0,0,0,0,0,0,0,0,0,0,0,0,0,0,0,0,0,0,0,0,0,0
2021,7,1,0,0,1,-1,-1,3.518,5.9659,105.4949,26.3737,0,0,0,0,0,0,0,0,0,0,0,0,0,0,0,0,0,0,0,0,0,0,0,0,0,0,0,0,0,0,0,0,0,0,0,0,0,0,0,0,0,0,0,0,0,0,0,0,0,0,0,0,0,0,0,0,0,0,0,0,0,0,0,0,0,0,0,0,0,0,0,0,0,0,0,0,0,0,0,0,0,0,0,0,0,0,0,0,0,0,0,0,0,0,0,0,0,0,0
2022,7,1,0,0,1,-1,-1,14.554,0,7977.3476,10981.2781,2975.0665,1458.806,1458.806,2924.078,0,0,0,0,0,0,0,0,0,0,0,0,0,0,0,0,0,0,0,0,0,0,0,0,0,0,0,0,0,0,0,0,0,0,0,0,0,0,0,0,0,0,0,0,0,0,0,0,0,0,0,0,0,0,0,0,0,0,0,0,0,0,0,0,0,0,0,0,0,0,0,0,0,0,0,0,0,0,0,0,0,0,0,0,0,0,0,0,0,0,0,0,0,0,0
1983,7,1,3,0,1,-1,-1,5.83,0,0,0,3879.8512,4849.814,3879.8512,1939.9256,0,0,0,0,0,0,0,0,0,0,0,0,0,0,0,0,0,0,0,0,0,0,0,0,0,0,0,0,0,0,0,0,0,0,0,0,0,0,0,0,0,0,0,0,0,0,0,1939.9256,4849.814,2909.8884,6789.7396,1939.9256,0,969.9628,0,0,0,0,0,0,0,0,0,0,0,0,0,0,0,0,0,0,0,0,0,0,0,0,0,0,0,0,0,0,0,0,0,0,0,0,0,0,0,0,0
1986,7,1,3,0,1,-1,-1,356.926,0,91321.46,112032.6885,64802.6715,65362.0413,67612.7735,72132.871,52969.4325,25083.6517,18800.343,19716.9129,9562.2931,12577.1313,6856.0847,8899.4951,5487.2546,928.7848,1559.1785,1650.506,0,2453.3147,1577.0291,1850.2881,2958.2962,0,1419.461,0,0,0,0,0,0,0,1458.806,0,0,0,0,600.8152,0,0,0,0,0,0,0,0,0,0,0,0,0,56564.8471,95014.6473,60591.9551,86533.2173,110106.5747,75563.2668,64774.2013,36848.751,33440.1146,40353.1744,29200.0167,14760.1714,10778.6318,19742.0515,7383.9515,5321.3153,11588.8505,7294.0298,4949.6528,2917.6119,0,0,1499.4903,0,0,0,0,0,1458.806,0,0,1458.806,0,0,0,0,0,0,0,0,0,0,0,0,0,0,0,0,0,0
1987,7,1,3,0,1,-1,-1,489.652,0,36857.9702,184095.5044,131378.5303,62671.9444,65716.7542,59868.8079,41838.4561,43237.6006,40558.0638,30136.0565,17778.98,21892.3368,18799.4049,12298.3377,12032.8592,12640.4824,10162.8201,4995.1159,7174.8482,6996.9721,5659.4514,3874.4875,5222.7229,2548.7155,2481.0475,584.9694,1053.7567,1963.458,1364.9206,1038.7893,2198.8047,789.4326,1898.9497,2099.8217,2590.2956,105.4106,110.9536,0,0,0,307.2011,178.3639,0,261.8992,0,225.4627,0,0,0,276.2711,0,23424.1991,137531.2954,87853.5526,65222.8357,48270.39,48945.4906,52667.187,43411.395,53294.4,45255.1344,31761.5135,33809.4636,45991.9017,33254.0908,34541.3757,26224.1499,27584.6043,23092.473,13670.2263,15259.717,9076.4004,8961.1446,9023.6827,12356.7668,11576.3769,6281.4611,8887.3303,6127.0367,5513.6491,2589.3458,6217.777,3871.3913,2917.6119,1422.1348,657.8072,567.5665,2784.0045,2168.9542,742.6243,768.4856,0,687.5738,0,1646.1951,1118.8176,1458.806,232.3855,0,0,1458.806
1988,7,1,3,0,1,-1,-1,293.376,0,6980.8574,237173.7973,183247.9393,87717.8459,42567.2248,28787.519,28307.0478,23528.6713,15013.0581,15651.9849,27954.0513,14587.3673,12951.8325,1458.806,7377.7891,4787.6343,388.9442,12133.1518,781.0279,5563.1276,2087.5334,4241.0807,3456.687,4673.7154,1322.93,1056.3248,1980.0266,3776.0158,0,2137.0232,1458.806,1903.4164,1458.806,1239.1706,1458.806,0,4129.6604,0,0,1651.3191,856.33,1458.806,0,0,0,0,0,0,0,0,0,0,143099.0976,126415.395,57371.5383,36618.453,39440.6561,36093.4171,33593.3862,35260.368,27610.9365,26704.8461,17102.4076,13036.1536,11639.2419,19694.4009,16165.6452,12852.2689,13408.468,11541.2508,16847.2865,11772.772,13708.4776,17290.2662,5619.6897,12568.9223,2657.0854,7292.636,3296.6876,6252.3979,9116.5279,7241.9581,1458.806,2392.8289,1458.806,0,1909.2346,0,1056.3248,1458.806,965.5046,0,632.7082,0,0,1056.3248,0,0,0,0,196.4311
1989,7,1,3,0,1,-1,-1,254.258,0,5163.3336,92104.776,110814.6257,55409.722,23205.3644,34666.9422,39319.8688,15731.6169,13769.4396,10945.4368,14579.927,12634.0941,11246.7535,5420.4389,5717.1069,13487.556,5450.5749,3617.66,6033.7684,155.9198,4280.4544,1494.9977,5181.7372,1876.9536,2850.7528,1458.806,2340.1446,1712.658,4169.3546,870.4553,592.8766,1217.6894,583.3456,1387.5127,1217.6894,0,0,0,521.4916,3351.1526,0,1132.3689,0,0,0,0,0,0,0,155.9198,0,2472.3428,57295.1003,60850.3035,46294.3293,31232.7039,31079.5282,16724.4957,19895.7836,25494.8004,18489.2145,25787.0947,19504.5261,16544.0153,17685.6812,8820.4631,11368.0283,9179.9846,12184.8983,8704.8245,3919.6774,10422.2257,13071.5765,9130.9221,8127.7335,10556.561,7958.8824,14157.7787,7641.7181,7124.4917,6086.8814,6035.4367,5598.3551,6835.3916,4937.1294,3509.0938,0,584.1497,2919.3533,1976.4071,993.7668,3166.3968,986.3319,155.9198,0,0,0,0,579.4564,0,4107.6016
1990,7,1,3,0,1,-1,-1,237.044,0,2578.9534,29650.1349,75696.9273,55202.4265,18913.382,41208.9848,37312.0891,19548.9357,15091.6412,16676.1765,16352.03,13159.5583,15187.3296,7426.3899,5261.3372,14865.9418,8461.3173,4324.9035,3560.7326,5044.8756,4376.4179,4381.106,8457.0965,6646.4225,2006.3897,3312.9452,4461.3472,4335.3602,2442.8581,1458.806,3288.147,2065.6719,2735.8188,1125.3493,541.1273,598.4299,1458.806,3585.5215,1110.4681,0,0,1866.2404,0,0,0,0,0,0,0,0,0,3657.9474,28439.7154,75487.761,36817.4122,31990.4918,42505.4274,18824.4203,26329.8207,27110.7761,25510.1282,18859.5813,11539.9264,20158.4507,12134.8438,11903.2288,11318.7927,14687.0581,12007.1452,11305.2463,7344.9069,15168.1473,9588.1966,15349.2844,12774.8905,13654.927,10920.1995,12348.0103,8857.0355,5407.9901,6182.2255,4779.8657,5835.2238,2323.827,3770.0618,1233.395,1458.806,1390.5266,0,4040.9347,0,2917.6119,0,0,0,0,0,0,0,0,0
1991,7,1,3,0,1,-1,-1,289.082,0,7347.8934,78784.4283,78930.0451,77409.8991,47458.2841,36412.1093,26053.914,19461.4067,12361.936,14334.7387,12050.1666,6596.0946,4301.1308,10785.0199,3782.959,6573.8802,1542.4009,6937.8408,969.9042,2645.6486,2851.3912,1023.6141,715.0505,501.3761,572.0496,3010.0631,7031.0411,3333.2855,3432.6391,3029.3973,1436.233,2652.2877,1917.1268,1240.9393,3482.7139,3405.0766,177.0828,1954.4291,2215.9455,1458.806,211.3405,1238.9353,677.4163,0,0,1288.6429,0,245.9592,0,0,0,6696.3552,49394.7765,74745.1969,48178.6048,36421.3759,17527.8203,24273.3556,17578.4832,15781.5924,15395.2139,11092.3878,13579.4814,10434.6458,12837.3768,11633.9036,8165.7718,8234.4196,8059.7618,3110.8052,10837.4781,6264.8697,13839.9049,7437.0171,3743.017,6396.0783,5473.2605,5112.8137,1655.7258,7697.5135,8146.1763,2788.1409,7249.7707,7744.6112,8737.3093,4577.2006,5084.0068,2917.6119,1675.8241,181.6145,679.8676,2334.087,534.1356,3810.8658,2917.6119,1458.806,1458.806,0,1458.806,0,520.7216
1992,7,1,3,0,1,-1,-1,94.868,0,11303.2787,30151.2943,38498.9196,5096.1052,4184.2529,3056.8546,2309.6204,4107.1577,4887.9705,622.9357,3557.0591,4068.9477,6862.8957,5389.4894,2513.9103,578.894,488.589,2361.6815,578.894,488.589,576.6724,0,2035.4783,3091.7698,1677.0055,946.9173,1721.0472,1288.01,3414.9806,488.589,2121.5528,1632.9638,44.0417,2121.5528,0,44.0417,1369.5354,0,488.589,44.0417,0,44.0417,488.589,0,0,44.0417,0,0,0,0,0,4956.5436,17961.0002,16516.565,1986.8421,1737.1101,0,75.6937,185.265,0,0,0,44.0417,92.6325,0,0,0,0,2306.8178,1644.0709,92.6325,185.265,136.6742,185.265,185.265,0,136.6742,0,0,0,0,92.6325,92.6325,0,0,0,0,0,0,0,0,44.0417,0,0,488.589,0,0,0,0,0,92.6325
1993,7,1,3,0,1,-1,-1,144.676,0,0,7009.5297,58915.5145,70428.0995,34580.7327,27567.4121,15673.1107,8651.0073,13273.1299,6173.9176,3647.0184,8726.6624,4619.3053,4465.4504,3128.4824,5762.2428,2885.2099,4330.9819,3352.4038,4798.1687,6726.6247,3249.4908,6975.071,2530.9249,330.37,4596.706,2998.0958,1491.286,4873.8243,2570.7428,2731.2995,1158.7614,860.306,594.4657,2222.001,3842.7325,3075.1607,1458.806,2206.6995,0,0,0,1458.806,0,0,0,1458.806,0,0,0,0,0,11367.6528,30353.5007,35844.6131,12007.3888,13064.1369,14913.2218,11390.4697,10090.0868,9471.2503,6048.6039,5239.541,2933.1867,6650.0112,8587.0568,3673.4939,7419.2007,6039.393,3255.0369,5430.2031,4115.2403,6318.7161,4649.8321,1143.6739,4264.7005,6125.9089,5121.4877,1275.6548,2101.4946,2781.9832,112.4124,0,3181.3778,4816.2124,4367.6644,2091.8761,1458.806,2913.2352,767.5718,0,1087.47,1458.806,0,1458.806,1390.5823,0,0,1458.806,0,642.6887
1994,7,1,3,0,1,-1,-1,119.424,0,0,0,21280.5973,39382.9717,19617.8367,13073.9436,12342.2864,10030.814,5845.3369,13198.1707,5356.5776,4879.5816,4741.4499,3563.4009,2385.8112,3955.7129,7709.0839,4653.5593,1403.9003,1458.806,2685.5899,2761.0156,512.7534,1500.4647,1642.7979,1097.277,1563.5369,4599.8311,3264.1802,1864.1312,2917.6119,4380.2265,0,1236.5261,379.9904,0,712.8174,2124.741,0,687.0188,1458.806,0,379.9904,1910.7394,0,0,0,0,0,1112.9179,0,0,0,13863.7741,40274.3698,28245.3633,23007.3246,10162.8887,8280.317,8690.2507,9750.2736,4892.5335,11149.2889,11110.5009,9284.7202,7206.7323,6349.6571,8131.1081,7031.9645,4898.4382,3633.4839,532.9988,2610.4677,7901.4806,9997.8494,2056.2822,2644.2395,4639.3015,5515.3537,1278.1849,8362.688,7266.5122,2371.4802,2695.3321,3339.2611,6605.8898,4562.1605,3454.8867,3325.6344,5172.2904,3268.9004,0,699.7283,3482.6716,2959.2707,0,0,0,1458.806,0,4382.0418
1995,7,1,3,0,1,-1,-1,87.272,0,415.9944,964.4756,6432.9709,16130.179,21508.1574,11542.7497,11503.8943,4773.6101,4161.505,9305.9558,10396.9434,2542.7685,1595.6321,5527.1947,3695.6384,1944.1056,1109.2652,963.8383,2264.8266,1416.6707,2141.1744,623.2763,0,463.3928,2470.88,5575.8315,993.8472,1518.2341,455.9755,478.9001,869.0577,1861.9368,3954.2045,2268.7032,475.063,941.6076,0,1458.806,0,1458.806,593.0757,485.9844,196.8967,434.5289,0,0,0,0,0,0,0,0,1275.4417,4547.16,6377.7041,13707.9153,9766.1118,9125.5813,12129.2733,12410.4041,4328.1621,2996.9659,2446.475,4216.8912,478.9001,5189.6641,2713.7272,2820.844,2825.7484,3021.1229,415.9944,1037.0394,415.9944,1458.806,882.1004,1458.806,2365.0572,3289.0143,568.0455,1944.7904,3227.6907,0,2046.9261,1377.0419,5215.2713,1458.806,1458.806,371.4024,1830.2083,2068.1835,371.4024,330.2138,330.2138,1458.806,0,1914.7815,0,0,0,0,571.1343
1996,7,1,3,0,1,-1,-1,181.068,0,0,1516.3978,1721.7563,8458.3118,19107.2105,22747.1224,27470.4638,21153.307,18524.9546,19207.247,15450.9698,11217.9955,9232.6217,4234.2338,4756.3583,10963.9158,6295.1285,9272.8423,7552.0134,620.9937,4362.7671,4150.4418,2911.4553,6365.82,251.9324,2917.6119,4186.7732,1458.806,4853.1706,1458.806,4048.6948,4747.6134,4516.9286,2917.6119,4065.6729,4883.7271,3257.9407,4376.4179,2346.3778,525.9276,1660.1938,1458.806,143.567,331.8205,452.3925,0,754.8671,0,38.031,2983.897,0,0,3296.4892,2764.101,14765.9972,28960.9626,30472.6731,28472.2353,27342.0398,34486.4408,27625.4549,15350.2653,16366.0016,12504.3011,19436.122,17710.9523,14972.9323,10348.9147,17672.3501,11321.7874,6729.2667,6240.3796,10978.2653,10199.479,9750.9566,4741.6463,19115.3769,3754.7694,6843.1248,11172.1403,8288.1979,11270.6526,4917.231,10629.8598,9907.5462,5804.3855,4908.8745,6099.4034,6054.5704,10749.9892,2614.6679,5894.9447,5452.9736,5168.4318,6010.9374,2917.6119,1458.806,1458.806,0,2917.6119,11099.2135
1997,7,1,3,0,1,-1,-1,348.648,0,1415.181,59593.5213,40723.5419,17816.5072,25853.3121,22371.081,43544.3467,33084.4325,33806.5582,20655.9071,24819.7818,17603.8438,17482.3743,12196.5187,16918.0822,12736.813,6284.1415,10074.187,9154.008,14697.1896,3139.9656,6225.5294,7912.5104,9946.2736,6350.5658,5200.7776,6228.3267,10369.0369,11226.1618,6278.8092,6461.6957,4177.0692,2758.7169,5333.2624,9223.434,9330.8229,5734.2573,2917.6119,2917.6119,2590.8453,1458.806,5941.7673,4488.1454,4900.8431,26.2082,1505.9115,2516.3389,26.2082,211.0768,6024.3371,0,1424.6764,55551.288,22934.731,17572.5891,28947.0835,35082.9477,35512.2049,41576.9575,26167.4837,21695.9643,31333.7215,31430.1619,14620.2666,8975.4977,41322.0583,19985.5492,16887.5548,23029.3237,22512.7898,13048.3705,20954.5118,18116.0237,9071.3416,10946.7715,14596.6469,19611.1993,5567.3752,7313.186,9656.1188,9709.7438,6906.8032,11744.5345,8638.9577,10984.2975,8774.5992,8163.1792,3929.8197,9409.089,2791.469,6649.8542,11472.7917,9502.4992,7413.4797,5285.7159,4082.12,1243.4418,4161.0537,1485.0142,2943.8201,8565.7528
1998,7,1,3,0,1,-1,-1,108.73,0,817.5386,481.5836,21330.7908,17062.0756,6536.2615,8374.0769,12801.5847,12826.4192,9447.3876,5802.1928,4221.5784,3508.0615,742.0693,2151.3661,748.8004,1777.6497,3501.7909,2124.3268,3870.2648,2022.0738,805.6345,0,1029.6894,429.2432,38.9324,3043.4632,0,957.6425,2423.3011,1458.806,429.2432,1401.013,1071.2158,2073.9381,0,38.9324,2035.0057,2035.0057,0,1458.806,0,0,0,0,1034.9178,576.1998,0,0,0,0,0,0,622.8192,6015.036,9646.8379,1235.2506,2994.4244,7363.0427,5334.0222,802.2923,693.8074,3025.0909,4519.4659,3374.0909,2961.9569,1128.738,672.7801,3598.8675,1769.8724,4068.5713,603.3014,603.3014,2845.6916,3520.9133,2917.4396,3086.6557,1012.7176,2764.3445,1577.0866,7902.1486,3196.915,1560.9439,1693.8838,4142.3298,1729.8913,6831.7987,38.9324,1343.6431,1012.7176,5845.6144,1360.6137,996.5749,3047.7233,3721.987,2416.4484,38.9324,0,1140.5687,1497.7384,0,2455.3808
1999,7,1,3,0,1,-1,-1,141.674,0,330.6613,2001.442,6322.8553,34732.2353,22889.2934,7650.4045,10198.908,14808.5679,10292.6815,5047.0171,4009.1753,6796.9088,6372.3763,5623.7579,3426.5981,4959.1987,11810.6626,4756.3018,3605.4736,636.1196,1749.567,55.5809,1130.2219,55.5809,0,663.91,0,2665.5215,636.1196,27.7904,1631.6498,907.3415,3632.4459,2601.8701,0,814.4351,1000.8057,27.7904,1000.8057,0,907.3415,2182.2016,0,814.4351,2945.4023,27.7904,0,0,0,27.7904,0,0,612.6104,16534.9872,37439.8821,15034.2214,4237.7861,9965.5905,17945.7318,12571.2349,7062.0924,11425.5817,9831.1889,1886.6526,4448.7968,6608.4943,6879.852,7263.62,5021.0781,5782.0185,5072.8178,5378.3914,3210.1992,2022.6152,1165.7418,786.6447,2706.6704,822.123,4207.9498,3844.7397,2154.4111,1458.2426,1689.4158,0,786.6447,1518.6409,2375.3257,1233.5988,230.6099,1718.827,695.6052,1844.9955,1689.4158,636.1196,907.3415,879.5047,230.6099,0,0,230.6099,1458.806
2000,7,1,3,0,1,-1,-1,292.488,0,743.8777,5489.5576,8122.0802,28096.1778,63281.9266,29372.0235,23158.9485,12242.939,24760.7024,14439.5407,15858.3243,12777.4597,9646.8337,8177.1476,9434.1345,12997.9403,6234.9165,7048.0076,9570.449,2473.4641,4688.8958,2283.9751,2911.6613,4816.5186,1562.0919,1540.8912,803.8292,3528.33,1961.3955,718.6575,2931.1527,298.6738,2874.2872,4884.396,5770.9304,462.5058,1394.9381,159.6529,0,890.2937,2121.591,1113.7883,1433.345,803.8292,0,0,86.4645,803.8292,0,810.7622,0,1632.606,7795.5313,14732.8984,41544.0813,81023.5139,31058.3405,17087.6481,20340.6844,29922.6924,28964.3578,15950.3057,21707.3481,13599.6813,16462.7311,17781.3607,14118.3883,7579.8793,8149.1062,8243.6811,3886.1342,8027.2939,7694.1998,4348.7717,7103.9691,2228.0316,4292.8733,5193.5181,4505.4118,3380.5014,4974.8236,10431.6539,3997.7754,3136.2195,2197.778,3134.3568,4409.9263,778.4701,5078.488,5571.0361,95.5292,2178.8214,2271.0301,1870.5729,409.1128,0,1458.806,447.221,486.6879,218.6076,686.7783
2001,7,1,3,0,1,-1,-1,287.654,0,44733.1166,45770.6794,23295.7737,7898.3462,21467.97,33756.6444,28502.5948,15136.4586,20971.3342,19266.1417,13262.0121,10428.6037,7676.3759,8979.0246,10713.1325,9794.6876,6078.6421,6766.2894,4436.549,2047.6717,5786.7785,1144.7192,3284.7386,1992.9657,2850.8157,3296.451,1339.957,3827.8644,1282.3519,2543.6264,3148.8297,1074.1622,351.8066,819.8684,3889.2143,1458.806,1606.8093,192.9202,490.9168,717.0274,151.1922,3161.7248,2383.3941,265.5243,769.1382,462.3744,0,296.2317,101.0825,0,0,60622.397,24993.1608,12903.8396,20820.3914,34652.2825,33045.3824,24247.8394,17323.8711,23986.4172,18306.6459,15855.1062,19758.88,12090.6431,9643.7117,13807.1682,13975.72,6116.5597,7911.5332,5539.146,8145.5019,3897.6106,9176.0309,4172.1438,0,6464.2852,2471.0246,3975.7462,5100.534,1825.833,4894.2968,2142.4069,2894.6841,3070.4575,2928.6228,6681.891,5473.1979,917.3409,1904.2151,2033.0231,1458.806,3219.6711,0,3663.0019,807.7628,919.9284,2308.4079,0,305.6323,351.8066,2386.6717
2002,7,1,3,0,1,-1,-1,184.83,0,0,76234.8887,44086.8465,7250.3613,405.5191,5890.5136,6123.4846,3687.3715,1531.5335,1505.2892,3303.1824,3203.7223,1014.6041,2156.9809,1961.1555,1028.7026,1730.4048,1872.3884,1879.1399,668.6211,1783.7615,703.368,2175.0122,716.9848,309.1419,0,0,715.6121,651.5864,0,747.5865,651.5864,948.8857,0,852.7787,0,413.661,0,0,0,0,0,0,0,69.8426,0,0,0,0,0,0,0,82000.12,19171.8478,4719.1708,1198.2725,4328.4687,2784.839,595.9607,748.3482,2137.1219,1379.2503,3305.9179,3421.0796,1530.6592,2388.1736,567.1918,54.9928,1653.5793,1200.6995,1400.3285,212.4145,96.8909,2265.3051,739.7415,202.0528,1843.0366,0,202.0528,1336.1439,802.1826,0,1903.3025,801.3221,593.957,851.0026,298.9437,53.5644,365.2431,53.5644,424.829,142.3629,48.3637,0,0,0,0,39.751,54.9928,380.4435,414.4673
2003,7,1,3,0,1,-1,-1,132.154,0,0,866.6822,32467.6607,34689.2161,10133.1929,2324.3926,5536.1188,5927.4305,4109.0911,2629.8238,577.1526,3888.0274,3749.2331,1068.2895,1647.603,1011.2158,3968.7456,3074.7294,1822.9587,156.1215,1782.9897,568.9817,259.9571,186.6012,800.6536,800.6536,0,526.3871,235.6514,0,503.0721,180.0536,0,0,323.0185,460.1592,460.1592,226.0885,0,0,0,235.6514,0,0,0,323.0185,0,0,0,479.14,0,114.6616,3379.2152,48072.9114,19865.7368,2154.6593,2324.5232,4407.3648,7309.6509,2534.4415,1797.0844,1600.2742,3518.9153,4876.7743,3361.6319,3485.5597,2196.1016,1496.4815,790.2259,3457.5659,1617.6599,913.5102,355.1641,710.1416,0,740.6213,0,0,0,84.4103,0,1108.0402,503.0721,892.0002,643.3218,1135.6106,151.7956,203.3686,0,0,0,638.4304,0,186.6012,0,0,0,0,0,0,0
2004,7,1,3,0,1,-1,-1,149.85,0,0,4022.7311,11298.9914,32661.1304,24934.3035,13516.4915,4469.1722,3592.3856,3333.5653,2758.0594,1160.8277,2661.0082,905.7427,2804.3093,3593.0737,1362.6724,1418.7604,3057.6861,4740.984,2379.6542,960.2169,1328.1822,793.9389,784.247,1001.0864,395.0347,1290.2697,0,0,1227.9762,0,0,111.08,859.0617,0,0,0,0,425.0492,334.7984,0,0,0,0,0,0,0,0,0,0,0,905.7427,457.3584,18941.9537,24033.4456,20621.0087,12748.6585,5165.9359,5588.4097,3036.2948,3812.7187,5329.4773,3625.1829,3319.8362,3517.6941,1805.8238,4168.2848,3158.776,9576.5266,3485.9863,4577.7335,1588.6816,729.8331,2030.8364,2611.3576,2903.4935,534.4981,395.0347,434.0124,819.253,425.0492,473.7474,461.1382,1458.806,2284.8352,0,425.0492,0,2917.6119,0,0,151.503,0,0,151.503,1458.806,425.0492,0,0,0,952.7179
2005,7,1,3,0,1,-1,-1,219.15,0,481.196,864.6782,26861.9308,33133.4518,99964.3297,40805.7212,7458.3286,10780.1841,6202.4548,9967.5949,5463.442,4876.7337,3606.5854,6256.7401,10830.0427,4029.3381,2360.0875,712.3885,836.7159,847.0226,1458.806,1730.0112,2670.5546,1674.5671,4314.2621,5922.1737,1248.0854,1561.7628,1131.2146,3530.3756,0,738.1099,861.1448,1458.806,0,814.6904,1236.3915,598.2198,291.9627,496.3865,496.3865,496.3865,0,0,0,0,0,477.2947,99.3839,802.2637,0,598.9384,2387.4147,9619.0682,22398.8501,91188.7382,27872.7656,12061.3462,7431.6018,5446.5176,16220.9033,3470.9482,3844.9597,5668.6318,5899.0418,8406.8222,680.5639,6625.9208,7696.3296,9281.9073,7126.924,5604.4707,1274.3673,4476.1468,2327.688,4419.9556,2559.3535,1936.1007,1231.8453,868.882,689.8415,0,2071.9793,2074.7286,998.5834,1841.4666,2217.9028,1458.806,1412.9102,3137.4093,615.9227,0,376.4361,0,0,0,0,0,946.4065,496.3865,3911.2177
2006,7,1,3,0,1,-1,-1,285.242,0,177.0986,3733.0806,3604.7586,22496.7232,33212.2903,42427.2783,24070.3057,8818.1827,5301.9604,4489.1213,6268.1391,1051.9087,2492.405,1092.4021,1683.5641,1365.5749,950.338,1225.7646,1128.9372,198.9849,371.9807,1027.6444,936.9319,224.5166,854.4844,1035.8614,467.6725,237.4891,200.001,168.7322,228.2363,0,934.755,934.755,934.755,0,683.7717,0,152.5037,0,765.7833,0,87.9044,0,0,0,0,934.755,228.2363,934.755,0,159.4998,3100.8195,3845.5571,10551.2522,26272.6961,48604.8299,25619.6119,7824.6384,4762.1338,6697.0307,6739.4861,5783.3123,652.3962,3284.0435,2007.6463,2580.7633,2456.3988,1445.7267,2831.6501,1894.6011,3780.8871,2552.172,2134.4907,1441.2281,3123.2324,441.9063,2280.8593,64.1909,1416.1597,415.7974,1709.0521,1618.5267,0,1072.0165,936.2955,421.952,161.0712,1186.1992,0,0,450.675,161.0712,1062.4864,0,0,873.3773,0,1618.5267,0,1270.3913
2007,7,1,3,0,1,-1,-1,295.246,0,83.674,1590.0475,28954.6422,11396.0223,33234.9183,32984.4045,44349.5341,28203.5894,5392.9782,7538.0956,3749.2359,4101.1538,1600.8791,2996.4341,2715.2912,4321.9445,7252.3525,2444.5436,2629.9287,1050.4068,1691.1836,1254.6963,0,1990.9395,837.0998,863.4897,2771.84,1209.1798,1178.2393,0,863.4897,1031.4867,0,863.4897,671.6819,1108.248,9.6267,278.9131,902.9552,246.2336,950.9006,0,461.4629,135.6207,897.3004,9.6267,512.6372,119.2007,521.8443,857.0102,0,62.3061,1017.4883,17166.8982,18132.7946,26891.1178,27907.7814,49959.3598,31088.3132,8008.4926,6093.6785,7387.4953,3876.642,3000.0903,3085.6369,2998.996,4044.9369,3320.5283,7091.6407,5893.8104,731.0759,251.444,7082.9875,3454.4516,3688.6275,1368.3916,3779.0626,2650.5567,1321.0378,1439.4322,2285.2009,1811.2271,1797.7662,611.8751,380.8248,960.5023,3449.0564,391.7748,119.2007,2356.4999,2565.7907,1461.8655,1816.9556,793.9908,260.394,1752.7034,55.9996,944.4593,2582.6811,150.8234,5916.0975
2008,7,1,3,0,1,-1,-1,30.08,0,0,0,156.0705,195.4064,288.5187,278.0354,1181.1679,2956.829,585.7289,138.4203,1037.5087,32.6012,241.7029,0,289.1587,602.0034,0,169.2732,169.2732,0,0,0,72.7936,169.2732,0,0,0,385.6383,466.3581,0,0,0,0,0,0,0,0,0,0,0,0,0,0,0,0,0,0,0,0,0,0,0,0,130.7327,579.7896,538.2953,201.8745,708.425,4698.7543,2064.735,733.7628,635.6314,371.1477,1101.9895,0,0,98.1314,491.696,1350.9558,491.696,0,0,498.9594,0,491.696,35.9686,72.7936,0,0,138.4203,0,0,0,0,169.2732,466.3581,0,0,0,0,0,0,0,0,0,0,0,0,32.6012,0,32.6012
2009,7,1,3,0,1,-1,-1,163.96,0,27.9143,0,7630.9857,2435.0289,23173.0914,8829.7654,12903.3413,14109.6077,22852.5801,18477.5081,8596.8978,5900.7632,11564.0718,5786.5469,1515.711,2032.8166,3911.6239,859.2455,517.8678,1458.806,1888.3228,1452.4522,791.113,288.3718,594.7394,0,455.3699,257.6925,1010.2861,0,0,678.5311,420.8386,420.8386,257.6925,1665.9052,0,365.2674,534.0227,0,0,544.1462,0,1318.2021,0,1458.806,0,0,429.5168,991.051,0,83.743,393.1817,9997.5757,2912.3654,17334.3758,12708.5963,16164.7664,21693.0563,34109.2683,23217.8897,9677.4167,11662.9162,8848.2437,8261.602,3587.1091,2438.1878,4058.6872,4218.4562,3257.5241,1472.7797,3613.696,3313.6389,2241.2408,1427.4869,271.5428,803.4639,3864.0113,1105.5665,2326.2361,1187.4024,722.928,1074.4561,0,0,103.9038,0,2389.3616,1825.3043,848.8519,0,424.4259,151.2525,562.9449,701.0596,715.5235,151.2525,257.6925,678.5311,746.4396,1633.7201
2010,7,1,3,0,1,-1,-1,170.652,0,194.9614,25191.1263,1761.5711,467.1085,1667.7506,10385.9462,8274.9695,3704.1958,12540.7685,20445.0986,18441.5096,12504.9014,9756.7881,5510.4141,3638.1688,5002.405,3376.7901,3509.1163,414.3659,1868.0536,2312.1721,2238.3765,538.4677,3876.5087,5770.2218,624.4536,837.8765,3131.3772,0,2685.7031,327.0425,2356.3704,2685.7031,0,536.0248,1824.7553,1783.5344,723.4734,1851.9949,0,0,645.6995,0,437.275,1598.3996,394.3089,1458.806,2507.1973,0,5534.0203,0,287.6349,30594.6769,1576.3585,1138.9659,2553.9609,7628.6121,7807.8775,9453.069,18719.6594,33731.3936,20260.3364,12591.5637,8951.1324,6943.401,7541.4788,5198.5189,3981.4471,4261.3873,5072.0184,770.3962,8982.4343,4445.8082,4451.133,2648.0196,931.4215,4708.5754,1624.9035,1896.1425,2600.6225,1668.3405,3805.6713,3051.9987,4773.1973,1110.1264,1896.081,324.7285,1163.5852,1851.9949,2910.9176,2811.776,823.2643,1896.081,1896.081,3057.2056,1791.9272,1931.5208,2917.6119,2477.962,139.5937,9708.9143
2011,7,1,3,0,1,-1,-1,136.088,0,0,1929.1162,65742.5275,15986.9868,5394.0475,3442.8989,7845.2359,12582.503,8257.5149,7090.7711,8382.1912,8163.0197,9591.45,4574.7986,5995.9686,1022.3806,1689.1248,2069.2666,4303.0687,4150.3777,1689.1248,239.6754,3359.8641,4685.3144,1280.5097,130.8796,230.3188,170.3984,1458.806,2511.1588,916.8553,972.8417,0,796.5788,1409.8382,0,130.8796,1458.806,0,239.6754,239.6754,0,130.8796,1458.806,0,0,1409.8382,0,0,1743.8799,0,144.9544,1817.6167,62462.9002,6994.9233,1797.563,2019.714,7541.3327,5918.7847,5354.6893,12355.7958,13526.3686,11238.1499,9893.087,8135.2303,2331.7054,12065.8423,6383.5476,5291.5756,2653.0249,3145.5577,6636.9151,4052.4136,2156.5989,0,2917.6119,1624.7124,922.569,1458.806,4176.0345,1458.806,1071.0496,1689.1248,2041.9221,568.6457,1697.5546,2254.2247,438.1617,219.7156,2244.7816,0,440.3192,3137.3275,404.1605,0,2917.6119,677.837,1853.6099,0,0,5408.6734
2012,7,1,3,0,1,-1,-1,13.798,0,0,0,1399.3545,5191.0365,0,0,88.3982,2798.709,0,2972.1055,1576.1509,4453.0584,1081.3712,2392.3275,1399.3545,1399.3545,3729.6212,0,0,0,0,0,0,0,2798.709,0,0,0,0,0,0,0,0,0,0,0,0,0,0,0,0,0,0,0,0,0,0,0,0,0,0,0,0,0,1399.3545,1399.3545,0,0,88.3982,1861.8244,930.9122,3791.682,5862.6263,6990.8001,3814.6195,1399.3545,1923.8852,0,930.9122,0,0,1399.3545,992.973,0,1399.3545,0,0,1399.3545,0,0,0,0,0,0,0,1399.3545,1399.3545,1399.3545,0,0,0,0,0,1399.3545,0,0,0,992.973,0,1399.3545,0
2013,7,1,3,0,1,-1,-1,151.404,0,0,610.5509,10795.7076,5890.3096,15615.6419,2741.7135,1428.5548,1470.1454,1938.1603,1348.9946,2449.3346,3633.3611,1331.6546,3407.6968,1890.2354,3186.7942,2028.4971,1060.1002,930.1122,913.1773,604.4317,2136.7887,529.1729,683.8582,477.4497,533.1677,1247.9597,0,0,487.0203,1038.4831,833.0619,477.4497,477.4497,0,0,400.2359,0,0,0,0,0,0,0,53.5053,0,379.5656,195.5771,477.4497,1525.7257,0,0,219.8992,11524.0513,8507.2421,25324.0249,5877.0992,2715.6345,1350.4846,1733.9198,2099.4046,2424.694,6747.7498,8502.5275,8669.5378,4031.2575,3878.4304,2053.7827,1879.3594,1772.874,3353.757,2189.6991,795.4915,1504.5467,2264.2656,1782.3742,1365.4713,2059.0378,1315.7959,1002.7484,1484.0446,400.2359,400.2359,609.6231,1382.3057,833.7509,1214.6905,513.8025,452.4781,421.1964,299.6794,172.2502,557.954,517.06,384.7205,92.5632,361.9765,0,0,1515.7384,2614.7503
2014,7,1,3,0,1,-1,-1,178.614,0,8549.598,2074.1565,14915.4369,20770.6061,10386.0507,19254.6619,9159.1152,2747.4575,1916.2835,1838.0064,962.2012,2806.0669,1964.053,4716.4974,2589.0792,1931.2955,850.5955,188.782,570.7407,382.7887,725.8006,77.1661,445.1868,404.0656,0,0,460.9063,368.2876,83.1918,357.513,0,0,0,258.7538,0,0,0,0,0,0,0,0,0,0,0,0,145.295,0,0,1046.9855,0,9203.6477,3475.7662,15903.7805,30283.522,11321.4546,28409.6131,16327.1662,4205.0612,2870.346,2516.5613,5143.3813,4495.153,5872.801,4484.4984,10748.1962,1344.292,272.0132,1899.0479,659.195,167.5082,869.2074,307.0322,1853.3232,608.213,766.3264,1016.5048,0,1758.4578,0,1024.7144,272.0132,1051.1662,0,2144.742,1519.9381,886.3521,0,0,0,0,709.103,0,0,0,0,709.103,0,419.4579,0,2381.0075
2015,7,1,3,0,1,-1,-1,167.326,0,8533.8007,80898.6783,10266.1951,14962.8458,53179.1578,17930.7011,22418.1345,10910.6333,5546.0189,1839.245,1366.5978,5948.0068,2972.8704,3292.9508,3926.2447,5104.4739,1499.1463,2112.3796,0,1913.8424,380.439,2917.6119,0,0,470.6418,734.876,0,607.1435,1458.806,0,979.6831,0,0,430.8964,607.1435,0,0,1071.0287,546.4721,0,741.081,0,277.0348,0,0,0,0,0,0,741.081,0,1916.6471,71634.6077,9152.9751,14433.9705,60966.7262,18461.3332,31681.6862,10962.3744,8429.9546,6473.392,3372.6484,7856.1929,6691.3245,2914.8603,10742.0702,4780.7704,0,3815.6209,291.003,546.4721,0,1602.8436,0,0,2088.2197,0,1071.0287,430.8964,1044.1099,0,277.0348,0,653.5736,898.009,0,0,0,0,1255.3776,0,0,0,0,0,0,503.5354,1044.1099,1044.1099,0,3388.8487
2016,7,1,3,0,1,-1,-1,104.128,0,0,7686.188,63510.1854,16790.6823,18044.4478,17530.351,10825.271,8203.6535,4757.8236,3270.985,1458.806,0,1458.806,2917.6119,375.3959,1188.8948,1458.806,0,0,220.4178,0,0,0,2917.6119,1036.4808,0,0,0,0,0,0,0,0,0,0,0,0,0,0,0,0,0,0,0,0,0,0,0,0,166.4979,0,0,17419.2865,67142.7467,8026.8897,10548.9753,3044.0991,17727.3935,8752.8357,1458.806,1458.806,4475.2105,4376.4179,1458.806,2917.6119,2917.6119,0,3526.8123,1241.6918,0,1458.806,0,1458.806,1458.806,1458.806,2495.2867,0,0,1458.806,0,0,1458.806,0,0,0,0,0,0,1458.806,2917.6119,0,0,0,0,0,0,0,0,1458.806,0,0
2017,7,1,3,0,1,-1,-1,156.734,0,21983.0808,13179.9129,15420.1313,64101.3519,12115.3018,12167.8253,23068.9089,12309.6885,7967.9802,2788.0543,1458.806,0,2753.188,1294.382,2520.424,2980.7845,5571.3017,3179.2869,1294.382,0,0,0,0,0,0,0,1294.382,0,1458.806,0,0,0,0,1311.785,0,0,850.2029,0,0,0,0,0,0,1397.5511,0,0,0,0,0,597.4419,0,17786.0948,10810.9046,37284.0463,77121.7842,21970.7477,17721.3536,17600.6884,17548.1702,13526.357,7161.5446,1089.9482,4211.9939,0,2299.1466,1458.806,2249.4138,1878.5749,5178.6594,1994.993,2217.5558,2764.0269,3973.7288,1294.382,0,435.4774,0,1035.0056,1141.5662,566.7899,2056.2479,1281.7956,0,658.8285,0,1458.806,0,0,0,0,0,0,597.4419,0,0,1458.806,0,1281.7956,1458.806,0,2773.2194
2018,7,1,3,0,1,-1,-1,243.484,0,0,69789.9598,19230.7112,20499.0951,52512.9538,10639.5845,9567.8735,6595.1836,6632.7902,10841.4547,4444.0248,0,3131.2025,974.4121,2414.8882,1554.4762,2195.5692,3449.3755,1394.9202,0,0,1161.9297,0,514.0612,118.9187,337.3618,0,0,710.676,429.8415,0,0,0,0,0,0,0,0,0,859.683,0,0,429.8415,0,0,669.2963,0,0,0,158.2867,0,1160.3415,73969.7484,20491.1492,21117.2821,74945.4831,14332.5294,13360.3007,16480.3101,7647.402,13055.2736,6470.671,1520.0371,1519.539,2793.8407,720.8902,3081.3352,1906.6823,2383.4521,2375.7692,0,514.0612,480.8876,487.206,674.7236,905.4151,1228.4903,905.4151,0,0,1017.9679,1519.539,595.7483,878.4412,0,752.2816,0,0,943.9027,429.8415,1826.7618,0,0,0,0,0,0,364.3801,0,0,3842.0944
2019,7,1,3,0,1,-1,-1,157.852,0,0,3281.4395,96048.0676,17003.1408,5980.8432,26683.9896,6400.8888,4409.1722,4337.3829,4555.5463,140.7238,658.8064,1440.0664,1608.9439,698.1086,0,172.3292,3470.3036,1197.448,0,0,0,0,728.3397,0,0,0,0,698.1086,0,2216.1155,0,0,0,0,0,0,0,698.1086,0,0,1440.0664,0,0,0,698.1086,0,0,0,499.3394,0,0,2008.4855,80918.3932,11659.8074,12820.6979,24227.921,3848.475,3307.2384,12698.816,5759.2404,4081.3366,3301.8291,500.9818,1331.373,0,3618.852,1793.6511,3240.5477,1173.5353,870.4378,0,1274.7018,1548.3076,0,728.3397,172.3292,0,0,0,499.3394,0,0,0,0,0,0,0,288.5419,0,0,603.7199,0,0,0,0,0,0,0,0,870.4378
2020,7,1,3,0,1,-1,-1,245.566,0,167.6715,8997.8008,8124.2356,110844.9205,5937.3258,7304.574,23885.3788,7275.8259,3524.4762,5978.1841,4534.7068,3369.5092,2420.4428,678.6191,2142.3206,0,0,0,0,1804.6416,923.5886,0,0,0,0,0,0,0,0,0,0,0,0,0,0,0,0,0,0,7.2217,0,0,0,0,0,0,0,0,0,1458.806,0,439.0702,5176.7771,10429.2294,105507.3116,6616.1161,9500.4328,15113.3937,4037.7419,7270.8388,2124.3844,2906.8423,6801.9568,0,3431.2092,738.151,641.0928,332.7835,542.4397,738.151,591.08,0,1458.806,332.7835,0,0,127.5015,738.151,542.4397,0,1458.806,0,180.8139,0,1458.806,0,0,0,0,0,0,161.346,0,738.151,0,0,0,0,0,0,1791.5894
2021,7,1,3,0,1,-1,-1,138.48,0,8983.6139,13261.8785,8767.7851,9103.306,93484.4138,9876.884,5660.291,3923.9737,2769.426,2081.3184,1400.2202,3958.2711,2843.5504,77.24,0,934.4726,1040.6592,0,0,0,0,0,0,0,0,0,0,0,0,0,0,0,0,0,0,0,0,0,0,0,0,0,0,0,0,0,0,0,0,1325.4455,0,6174.3465,14976.2118,13778.1107,10766.1664,62157.7558,8399.7834,4022.5546,13222.1143,6023.2789,9848.0419,3248.1856,934.4726,1325.4455,9396.006,1325.4455,2784.2515,1325.4455,1325.4455,0,0,1402.6855,1325.4455,0,1458.806,0,0,0,0,0,0,0,0,0,934.4726,0,0,0,0,0,0,0,0,0,0,0,0,1117.8992,0,0,1040.6592
2022,7,1,3,0,1,-1,-1,202.118,0,7794.4931,53364.5231,37109.7401,20233.6624,16510.5119,97395.4318,13054.7386,12044.414,9052.1117,5214.3755,5096.7183,4613.8583,1829.9666,245.4195,4621.8374,0,0,0,0,0,1458.806,0,0,0,0,0,0,1458.806,1458.806,0,0,0,0,0,0,0,0,0,1458.806,0,0,0,0,0,0,0,0,0,0,0,0,8355.3772,52959.5217,22839.3354,10099.6502,9448.3883,49205.6345,12967.805,6878.0821,11911.6116,12266.5917,1821.8826,8336.8881,8752.8357,3597.3936,1821.8826,608.4962,245.4195,0,316.705,237.4405,0,1458.806,0,0,0,0,0,0,0,0,0,245.4195,600.5172,363.0767,1458.806,0,0,0,0,1704.2255,0,0,0,0,0,0,0,0,0,0
2023,7,1,3,0,1,-1,-1,130.988,0,0,10923.777,106606.8209,25731.774,19746.046,10390.071,33322.9879,6851.9102,1458.806,6528.3129,803.64,3235.3463,2917.6119,0,0,0,0,0,0,0,0,0,0,0,0,0,0,0,0,0,0,0,0,0,0,0,0,0,0,0,0,0,0,0,0,0,0,1414.6118,0,0,0,0,10450.5678,27457.9453,13509.7532,7048.8427,9398.8702,36273.8898,2031.697,5835.2238,810.2805,1458.806,1458.806,1458.806,874.9705,1458.806,1458.806,1458.806,0,0,1458.806,1458.806,1458.806,23.5701,2917.6119,0,50.2281,1458.806,0,0,0,0,0,0,0,0,0,0,0,0,0,0,0,0,0,0,0,1458.806,0,0,3402.8756
2024,7,1,3,0,1,-1,-1,161.794,0,522.0919,28.9387,40402.6842,113409.4248,36737.9962,8448.9083,7208.9713,23767.9032,3139.0837,1435.6172,4595.9172,1783.6952,2375.5949,724.454,722.9834,1689.1391,0,0,1458.806,722.9834,1458.806,0,0,0,0,0,0,0,1458.806,0,0,0,0,0,0,0,0,0,706.8254,0,0,0,0,0,0,0,0,0,0,1003.5113,0,23.3371,2735.5456,32161.9157,40599.2863,8961.3556,10513.5529,5731.117,17078.0966,5668.641,5790.6613,8158.5651,2250.0927,1429.4222,3611.2115,1458.806,1040.5286,1458.806,0,0,28.9387,0,0,2181.7894,1429.4222,1905.4494,3337.5327,722.9834,0,0,0,0,0,706.8254,0,0,0,0,0,0,0,0,0,722.9834,0,0,0,0,0,0,1458.806
1986,7,2,0,0,1,-1,-1,10.14,0,0,721.8967,3624.4962,3116.3966,4374.638,4824.3242,6433.3579,1321.8107,1995.1505,0,0,0,0,0,0,0,0,0,0,0,0,0,0,0,1458.806,0,0,0,0,0,0,0,0,0,0,0,0,0,0,0,0,0,0,0,0,0,0,0,0,0,0,0,0,0,0,0,0,0,0,0,0,0,0,0,0,0,0,0,0,0,0,0,0,0,0,0,0,0,0,0,0,0,0,0,0,0,0,0,0,0,0,0,0,0,0,0,0,0,0,0,0
1996,7,2,0,0,1,-1,-1,9.038,0,0,0,1458.806,805.9747,5835.2238,4029.8734,8253.1478,6947.4853,2264.7806,1611.9493,4529.5612,1611.9493,2417.924,805.9747,1458.806,1458.806,805.9747,0,2264.7806,0,805.9747,0,2264.7806,0,0,0,805.9747,0,0,805.9747,0,0,0,0,0,805.9747,0,0,0,0,0,805.9747,0,0,0,0,0,0,0,0,0,0,0,0,0,0,0,0,0,0,0,0,0,0,0,0,0,0,0,0,0,0,0,0,0,0,0,0,0,0,0,0,0,0,0,0,0,0,0,0,0,0,0,0,0,0,0,0,0,0,0
1998,7,2,0,0,1,-1,-1,2.276,0,0,0,95.3889,0,0,0,0,0,0,0,0,0,0,0,0,0,0,0,0,0,0,0,0,0,0,0,0,148.9556,0,0,0,0,0,0,0,0,0,0,0,0,0,0,0,0,0,0,0,0,0,0,0,0,0,0,0,0,0,0,0,0,0,0,0,0,0,0,0,0,0,0,0,0,0,0,0,0,0,0,0,0,0,0,0,0,0,0,0,0,0,0,0,0,0,0,0,0,0,0,0,0,0
2000,7,2,0,0,1,-1,-1,2.276,0,0,0,0,0,0,0,0,0,0,0,0,0,100.389,0,0,0,0,0,0,0,0,0,0,0,328.6754,0,0,0,0,0,0,0,0,0,0,0,0,0,0,0,0,0,0,0,0,0,0,0,0,0,0,0,0,0,0,0,0,0,0,0,0,0,0,0,0,0,0,0,0,0,0,0,0,0,0,0,0,0,0,0,0,0,0,0,0,0,0,0,0,0,0,0,0,0,0,0,0,0,0,0,0
2001,7,2,0,0,1,-1,-1,1.138,0,0,0,0,0,0,0,0,0,0,0,0,0,0,0,0,685.4721,0,0,0,0,0,0,0,0,0,0,0,0,0,0,0,0,0,0,0,0,0,0,0,0,0,0,0,0,0,0,0,0,0,0,0,0,0,0,0,0,0,0,0,0,0,0,0,0,0,0,0,0,0,0,0,0,0,0,0,0,0,0,0,0,0,0,0,0,0,0,0,0,0,0,0,0,0,0,0,0,0,0,0,0,0
2002,7,2,0,0,1,-1,-1,1.138,0,0,0,475.8377,0,0,0,0,0,0,0,0,0,0,0,0,0,0,0,0,0,0,0,0,0,0,0,0,0,0,0,0,0,0,0,0,0,0,0,0,0,0,0,0,0,0,0,0,0,0,0,0,0,0,0,0,0,0,0,0,0,0,0,0,0,0,0,0,0,0,0,0,0,0,0,0,0,0,0,0,0,0,0,0,0,0,0,0,0,0,0,0,0,0,0,0,0,0,0,0,0,0
2005,7,2,0,0,1,-1,-1,1.138,0,0,0,0,0,0,69.5399,0,0,0,0,0,0,0,0,0,0,0,0,0,0,0,0,0,0,0,0,0,0,0,0,0,0,0,0,0,0,0,0,0,0,0,0,0,0,0,0,0,0,0,0,0,0,0,0,0,0,0,0,0,0,0,0,0,0,0,0,0,0,0,0,0,0,0,0,0,0,0,0,0,0,0,0,0,0,0,0,0,0,0,0,0,0,0,0,0,0,0,0,0,0,0
2006,7,2,0,0,1,-1,-1,1.69,0,0,0,0,0,68.1181,68.1181,0,34.059,0,0,0,0,0,0,0,0,0,0,0,0,0,0,0,0,0,0,0,0,0,0,0,0,0,0,0,0,0,0,0,0,0,0,0,0,0,0,0,0,0,0,0,0,0,0,0,0,0,0,0,0,0,0,0,0,0,0,0,0,0,0,0,0,0,0,0,0,0,0,0,0,0,0,0,0,0,0,0,0,0,0,0,0,0,0,0,0,0,0,0,0,0
2007,7,2,0,0,1,-1,-1,2.276,0,0,0,333.5794,0,0,0,0,144.1174,0,0,0,0,0,0,0,0,0,0,0,0,0,0,0,0,0,0,0,0,0,0,0,0,0,0,0,0,0,0,0,0,0,0,0,0,0,0,0,0,0,0,0,0,0,0,0,0,0,0,0,0,0,0,0,0,0,0,0,0,0,0,0,0,0,0,0,0,0,0,0,0,0,0,0,0,0,0,0,0,0,0,0,0,0,0,0,0,0,0,0,0,0
2012,7,2,0,0,1,-1,-1,3.69,0,0,0,101.9498,105.7412,220.2942,0,0,0,0,0,0,0,0,0,0,0,0,0,0,1142.6744,0,0,0,0,0,0,0,0,0,0,0,0,0,0,0,0,0,0,0,0,0,0,0,0,0,0,0,0,0,0,0,0,0,0,0,0,0,0,0,0,0,0,0,0,0,0,0,0,0,0,0,0,0,0,0,0,0,0,0,0,0,0,0,0,0,0,0,0,0,0,0,0,0,0,0,0,0,0,0,0,0
2013,7,2,0,0,1,-1,-1,1.138,0,0,0,0,187.9919,0,0,0,0,0,0,0,0,0,0,0,0,0,0,0,0,0,0,0,0,0,0,0,0,0,0,0,0,0,0,0,0,0,0,0,0,0,0,0,0,0,0,0,0,0,0,0,0,0,0,0,0,0,0,0,0,0,0,0,0,0,0,0,0,0,0,0,0,0,0,0,0,0,0,0,0,0,0,0,0,0,0,0,0,0,0,0,0,0,0,0,0,0,0,0,0,0
2016,7,2,0,0,1,-1,-1,1.138,0,0,0,879.0492,0,0,0,0,0,0,0,0,0,0,0,0,0,0,0,0,0,0,0,0,0,0,0,0,0,0,0,0,0,0,0,0,0,0,0,0,0,0,0,0,0,0,0,0,0,0,0,0,0,0,0,0,0,0,0,0,0,0,0,0,0,0,0,0,0,0,0,0,0,0,0,0,0,0,0,0,0,0,0,0,0,0,0,0,0,0,0,0,0,0,0,0,0,0,0,0,0,0
2017,7,2,0,0,1,-1,-1,1.138,0,0,0,0,134.1277,0,0,0,0,0,0,0,0,0,0,0,0,0,0,0,0,0,0,0,0,0,0,0,0,0,0,0,0,0,0,0,0,0,0,0,0,0,0,0,0,0,0,0,0,0,0,0,0,0,0,0,0,0,0,0,0,0,0,0,0,0,0,0,0,0,0,0,0,0,0,0,0,0,0,0,0,0,0,0,0,0,0,0,0,0,0,0,0,0,0,0,0,0,0,0,0,0
2020,7,2,0,0,1,-1,-1,2.276,0,0,0,0,219.0693,0,0,0,0,0,0,0,37.3482,0,0,0,0,0,0,0,0,0,0,0,0,0,0,0,0,0,0,0,0,0,0,0,0,0,0,0,0,0,0,0,0,0,0,0,0,0,0,0,0,0,0,0,0,0,0,0,0,0,0,0,0,0,0,0,0,0,0,0,0,0,0,0,0,0,0,0,0,0,0,0,0,0,0,0,0,0,0,0,0,0,0,0,0,0,0,0,0,0
2021,7,2,0,0,1,-1,-1,2.276,0,0,0,0,0,1370.7869,0,0,0,0,0,0,0,0,0,0,0,0,0,0,0,0,0,0,0,0,0,0,0,0,0,0,0,0,0,0,0,0,0,0,0,0,0,0,0,0,0,0,0,0,0,0,0,0,0,0,0,0,0,0,0,0,0,0,0,0,0,0,0,0,0,0,0,0,0,0,0,0,0,0,0,0,0,0,0,0,0,0,0,0,0,0,0,0,0,0,0,0,0,0,0,0
2022,7,2,0,0,1,-1,-1,1.138,0,0,0,30.1721,0,0,0,0,0,0,0,0,0,0,0,0,0,0,0,0,0,0,0,0,0,0,0,0,0,0,0,0,0,0,0,0,0,0,0,0,0,0,0,0,0,0,0,0,0,0,0,0,0,0,0,0,0,0,0,0,0,0,0,0,0,0,0,0,0,0,0,0,0,0,0,0,0,0,0,0,0,0,0,0,0,0,0,0,0,0,0,0,0,0,0,0,0,0,0,0,0,0
2023,7,2,0,0,1,-1,-1,20.072,0,0,0,1353.2526,356.8757,343.9664,0,4410.8565,2101.4757,1510.8046,823.0881,153.6863,364.1295,516.1833,0,0,0,0,0,0,0,0,0,0,0,0,0,0,0,0,0,0,0,0,0,0,0,0,0,0,0,0,0,0,0,0,0,0,0,0,0,0,0,0,0,0,0,0,0,0,0,0,0,0,0,0,0,0,0,0,0,0,0,0,0,0,0,0,0,0,0,0,0,0,0,0,0,0,0,0,0,0,0,0,0,0,0,0,0,0,0,0
1986,7,2,3,0,1,-1,-1,54.152,0,0,4840.945,10835.8818,16370.782,27690.6737,26773.9414,26030.6638,9984.7741,10211.6417,8781.3781,5989.9195,2917.6119,2408.4635,1458.806,0,2917.6119,0,0,0,0,1458.806,0,0,0,0,0,0,0,598.2045,0,0,0,0,0,0,0,0,0,0,0,0,0,0,0,0,0,0,0,0,0,0,0,3368.3823,4286.5894,15668.5604,3737.365,14357.2139,10880.382,11670.4476,5888.4,4376.4179,6275.7329,2917.6119,949.6575,1458.806,2408.4635,0,0,0,0,0,0,0,0,0,0,0,0,0,0,0,0,0,0,0,0,0,0,0,0,0,0,0,0,0,0,0,0,0,0,0
1987,7,2,3,0,1,-1,-1,191.06,0,662.7936,14443.1494,16605.2773,14467.946,17603.8082,20623.1012,24878.4013,22889.9935,27232.9795,23275.937,14898.7021,14144.0411,6398.4698,4438.4537,3737.1476,2375.8783,12057.6405,3889.7344,2690.1172,4279.5679,2402.806,2299.4239,896.8295,724.8114,1553.2066,464.0502,1458.806,2227.4437,1081.3347,1940.8898,533.4156,815.6492,1030.4741,1214.5295,1229.7218,0,0,0,165.7899,0,0,464.0502,0,0,1458.806,0,0,165.7899,0,0,0,0,18206.0628,9382.2755,11645.9558,17830.5748,22209.9402,28029.6929,25901.347,22517.0111,31937.3172,26948.7825,27856.1571,12921.7998,7627.7286,13323.2116,10633.3579,8185.3537,9812.9821,7357.6204,7604.5198,5016.0447,3806.1415,2232.4254,1842.8537,2815.0047,2487.7943,4554.0713,1392.2951,514.695,511.3028,1430.14,2136.3201,1348.5965,2556.5857,2061.1652,0,0,0,0,694.4126,533.4156,0,0,0,0,0,0,0,0,891.0224
1988,7,2,3,0,1,-1,-1,50.704,0,0,2917.6119,16565.1664,11452.5104,18654.9598,10711.6782,10166.7496,13988.7179,3940.7382,5070.1687,10717.3912,5003.9312,4376.4179,4115.5734,2101.6735,0,1458.806,2542.719,2739.7751,1604.3354,0,652.1393,4505.3236,619.0445,532.4114,0,0,0,1883.6687,0,0,0,0,38.8711,713.2543,0,0,0,0,0,0,0,0,0,0,0,0,0,0,0,0,0,0,4830.7552,4720.9217,11629.1446,6375.5333,2647.2344,9091.9715,4904.837,1575.3963,2279.9456,1384.3414,1458.806,1797.2277,1064.5328,0,344.5038,1458.806,0,0,2917.6119,0,0,0,309.0368,0,0,713.2543,0,790.6266,0,0,0,660.0093,299.6299,0,0,0,0,1458.806,0,0,0,0,0,0,0,0,0,0
1989,7,2,3,0,1,-1,-1,14.59,0,0,0,4376.4179,5835.2238,1458.806,2917.6119,0,10211.6417,5511.577,3729.1243,5835.2238,5511.577,7294.0298,2593.9651,0,1458.806,0,0,0,0,0,0,0,1458.806,0,0,0,1458.806,2917.6119,0,0,0,0,0,0,0,0,0,0,0,0,0,0,0,0,0,0,0,0,0,0,0,0,0,2917.6119,0,2917.6119,1458.806,0,2917.6119,0,0,0,1458.806,0,0,1458.806,1458.806,0,0,0,0,0,0,0,0,0,0,0,0,0,0,0,0,0,0,0,0,1458.806,0,0,0,0,0,0,0,0,0,0,0,0
1990,7,2,3,0,1,-1,-1,22.938,0,0,185.409,5323.0637,7812.7079,5052.4292,9360.8645,2654.735,2401.2314,830.0189,302.0815,648.4486,1380.042,349.3943,842.9496,0,1616.936,0,294.0068,876.1688,349.3943,0,0,0,0,0,0,0,0,1458.806,0,0,294.0068,0,0,0,0,0,0,0,0,0,0,0,0,0,0,0,0,0,0,0,185.409,0,4458.9764,1644.215,0,4345.8639,2131.898,0,1458.806,673.0921,0,1458.806,0,0,0,0,0,0,0,0,0,0,0,0,0,0,0,0,294.0068,0,0,0,0,0,0,0,0,0,0,0,0,0,0,0,0,0,0,0,0,0
1991,7,2,3,0,1,-1,-1,46.156,0,0,138.4801,25.8894,10185.3171,18153.4819,12561.5263,6061.527,3582.7315,5129.258,687.1487,2025.8764,3062.3552,123.7917,0,672.2787,1226.7858,331.5347,115.6032,1408.3468,0,340.744,0,0,0,0,0,0,1408.3468,1408.3468,0,0,0,0,0,0,0,0,0,0,0,0,0,0,0,0,0,0,0,0,0,0,0,51.7788,475.1801,1561.1656,2198.0931,9905.5049,5071.3254,5970.6813,2199.6296,834.8781,6109.367,3080.4545,1000.3038,821.729,3563.3187,3462.3849,1493.5329,1408.3468,0,1739.8815,2816.6936,1408.3468,1408.3468,0,0,0,0,0,1408.3468,0,0,1408.3468,0,1408.3468,0,1408.3468,0,0,0,0,1408.3468,0,0,0,0,0,0,0,0,0
1993,7,2,3,0,1,-1,-1,8.624,0,0,0,187.3264,940.0313,374.6529,879.9281,629.0993,369.4992,368.5125,0,0,123.8242,246.6617,0,190.7255,0,0,0,0,0,0,0,0,0,0,0,0,0,0,0,0,0,0,0,0,0,0,0,0,0,0,0,0,0,0,0,0,0,0,0,0,0,190.7255,0,1890.2598,568.7775,568.7775,568.7775,187.3264,0,0,0,0,0,0,0,0,0,0,0,0,0,0,0,0,0,0,0,0,0,0,0,0,0,0,0,0,0,0,0,0,0,0,0,0,0,0,0,0,0,0
1994,7,2,3,0,1,-1,-1,15.592,0,0,0,2869.4383,13032.9063,14539.8859,8704.6621,7245.8561,7576.6748,4376.4179,0,2828.958,1458.806,0,0,0,1885.972,0,942.986,0,0,0,0,1885.972,0,0,1458.806,1410.6323,2353.6183,942.986,0,0,942.986,0,0,0,0,0,0,0,0,0,0,0,942.986,0,0,0,0,0,0,0,0,0,7294.0298,8704.6621,8704.6621,1458.806,0,1410.6323,1410.6323,0,0,1458.806,942.986,0,0,2401.7919,1458.806,0,0,0,0,942.986,0,0,0,0,942.986,0,0,0,0,0,0,0,0,0,0,0,0,0,0,0,0,0,0,0,0,0,0,0
1995,7,2,3,0,1,-1,-1,38.324,0,0,0,10274.457,17681.5803,30626.9829,26411.3541,11404.9678,11893.138,6006.1075,3540.5026,4105.3827,2944.6659,1589.2671,2840.2844,4976.9978,2043.7904,565.4302,565.4302,0,0,0,0,0,0,0,0,0,0,0,0,0,0,0,0,0,0,0,0,0,0,0,0,0,0,0,0,0,0,0,0,0,0,1458.806,2327.0005,8961.1888,13399.066,15471.6897,6755.0976,6403.854,2296.4826,3161.803,3700.7069,0,0,0,0,703.0924,0,0,0,0,0,0,0,0,0,0,0,0,0,0,0,0,0,0,0,0,0,0,0,0,0,0,0,0,0,0,0,0,0,0
1996,7,2,3,0,1,-1,-1,92.344,0,0,817.4334,3657.3786,1952.1199,17609.4924,31739.2009,37329.5353,24182.8298,22196.1677,14078.1291,10832.3841,2991.9251,2077.3542,3293.5389,2275.3256,3785.1682,1119.1106,3767.3194,2452.4027,0,0,1261.7227,0,965.0192,0,0,0,0,0,0,0,0,0,965.0192,0,0,0,0,0,0,0,0,0,0,0,0,0,0,0,0,0,0,225.6607,3080.4013,172.4188,13840.4802,14860.3839,13517.6234,10573.4314,4985.0545,8818.174,6883.628,5489.8568,2580.9435,2738.9018,1261.7227,2523.4455,654.772,3688.0311,0,1377.0442,1261.7227,0,0,0,0,0,0,0,965.0192,965.0192,0,0,0,0,0,0,0,0,1261.7227,0,0,0,0,0,0,0,0,0,0,0
1997,7,2,3,0,1,-1,-1,180.584,0,0,9161.8988,19772.1655,13454.681,10126.3186,20755.2157,20102.6591,14082.5038,15137.7343,11007.7622,3842.8788,8541.0772,2186.5843,2751.249,3486.1723,2747.9742,1041.1446,2515.5456,1528.4842,1472.0355,8.5185,0,0,12.3185,0,0,68.5063,0,273.238,0,0,0,12.3185,8.5185,0,0,0,0,0,0,0,0,0,0,0,0,0,0,0,0,0,0,4224.278,7617.8668,5698.3483,2804.1981,5723.554,7323.8231,7718.6015,2947.6742,4358.6373,2821.044,2867.9707,2942.3086,2287.7194,2318.1217,1661.1232,1680.6118,4981.2338,41.4536,25.4558,12.3544,273.238,12.3185,273.238,273.238,0,487.0532,0,0,0,1458.806,0,0,0,0,0,1458.806,0,273.238,0,0,0,0,0,0,0,0,0,0,437.5546
1998,7,2,3,0,1,-1,-1,54.882,0,0,0,6336.8257,3777.3062,1990.5579,1114.3957,3361.7648,5871.416,2114.6084,155.4704,267.7415,840.7373,557.1607,0,95.6752,165.3129,0,39.9962,26.5184,0,148.9556,0,23.0213,0,0,0,0,0,0,0,0,0,0,0,0,0,0,0,0,0,0,0,0,0,0,0,0,0,0,0,0,0,0,3602.596,4180.474,1234.4757,1160.4691,2052.9487,2082.7622,1357.9663,1642.1251,719.0485,135.3851,902.7647,373.2997,0,0,277.2208,39.9962,0,0,0,0,0,0,39.9962,0,0,0,0,0,0,0,0,0,0,0,0,0,0,0,0,0,277.2208,0,0,0,0,0,0,0
1999,7,2,3,0,1,-1,-1,142.466,0,0,95.2901,6123.9299,58415.1049,28417.027,9618.7345,12414.4129,26513.6241,20697.1915,11639.8,2714.4,3310.1353,4264.783,2186.431,1331.8644,1732.0406,180.3474,0,383.8161,787.3336,0,607.8557,0,0,399.8662,0,399.8662,0,0,0,0,0,0,0,0,0,0,0,0,0,0,0,0,0,0,0,0,0,0,0,0,0,493.6717,2729.5524,20232.0472,6420.996,3439.5491,2254.7846,5256.0557,4368.1536,1291.9745,1530.5855,1934.1851,399.8662,467.9581,322.8829,823.9224,0,0,0,60.7427,60.7427,0,407.2153,0,0,0,0,0,0,0,0,0,0,0,0,399.8662,0,0,0,0,0,0,0,207.9895,0,0,0,0,0,0
2000,7,2,3,0,1,-1,-1,100.932,0,0,351.9321,498.2497,6393.9091,23880.5834,12139.9016,4516.1781,6091.1814,11038.4137,12384.2391,6559.4333,3156.963,5316.4499,5808.3248,3197.1281,4003.2444,3077.4478,3287.3054,3103.7741,806.6615,3146.2184,328.6754,669.5274,213.9381,355.2003,2201.5964,347.1276,2299.7338,314.3271,492.3344,0,592.7234,1951.1403,438.1472,213.9381,884.6956,355.2003,213.9381,0,693.1733,0,438.1472,0,0,0,0,0,0,0,0,0,0,0,1194.8774,5770.0273,12509.6152,4419.9177,426.8673,2505.968,5096.9199,5687.8942,3611.4084,799.138,2605.845,0,1974.6141,1591.4818,1458.806,1861.5866,0,2917.6119,208.0753,2116.1567,328.6754,2645.8129,731.4561,0,0,2139.3204,0,0,402.7807,132.6759,1458.806,492.3344,0,0,0,132.6759,0,402.7807,0,731.4561,402.7807,0,0,0,0,0,0,0
2001,7,2,3,0,1,-1,-1,132.11,0,311.0542,6182.7308,4575.3558,7680.9028,7236.5115,35823.2469,26998.9983,11514.0962,7346.7229,8813.8793,4952.4849,3791.1528,9342.7961,2967.4219,5998.0439,6907.7715,2456.3519,1496.3443,7090.8818,1372.2612,1006.5546,4888.6816,1416.4341,2467.7629,1087.7511,2454.1278,328.6575,1111.2769,0,0,0,2176.0453,743.6543,299.5871,0,628.1894,433.6265,1051.4488,0,0,320.1209,0,1572.3115,1139.366,970.6182,0,0,0,0,1499.1085,0,500.7576,2807.7121,4132.2213,883.4103,4481.25,13524.3089,3669.2226,4583.3971,1769.6608,4193.9924,2356.3743,2774.0597,220.489,876.0762,880.0212,220.489,1941.5946,1288.2479,415.0381,1288.2479,970.6182,1084.1238,3380.0058,899.6485,3394.0562,870.9191,1677.3787,2441.1612,1139.366,1260.7369,194.5491,62.1272,0,2123.7004,1458.806,0,0,194.5491,328.6575,0,194.5491,194.5491,0,320.1209,320.1209,1288.2479,57.2156,0,0,220.489
2002,7,2,3,0,1,-1,-1,83.236,0,0,3216.4216,23844.0027,10678.2348,8092.0924,12104.9804,22091.097,10007.8215,5341.2104,5193.4232,4104.0996,3014.0296,2468.8674,2701.0243,792.533,1681.1273,811.1835,2052.6073,3158.0707,736.9735,328.6047,2314.4369,1834.2051,940.4793,675.9568,0,418.7612,328.6047,493.2464,0,1735.2462,0,1414.2029,0,0,418.7612,794.1603,0,704.9146,0,0,0,418.7612,0,0,0,0,0,0,0,0,0,500.8454,12356.6459,2960.1635,1231.1579,550.9263,2452.5391,1272.4947,0,385.0597,2458.3882,733.963,1540.1599,869.3013,0,415.4975,2009.7323,1414.2029,0,1414.2029,0,293.5414,0,0,2741.0803,2873.0088,0,2873.0088,1458.806,1752.3473,1742.8076,2645.1614,1458.806,0,2645.1614,0,1230.9585,5526.7636,1458.806,0,1623.4231,495.9873,1414.2029,2645.1614,1230.9585,0,0,1326.8774,1458.806,2557.8359
2003,7,2,3,0,1,-1,-1,52.26,0,0,123.4064,11027.5429,32081.5139,14059.9884,5102.9778,4807.9657,14466.6543,4740.5981,3711.0319,7968.0816,5791.7487,5778.0909,780.4296,2177.4623,0,713.7104,0,713.7104,0,0,0,0,0,0,0,0,0,0,0,0,0,0,0,1225.7735,0,0,0,0,0,0,0,0,0,0,0,0,0,0,0,0,0,0,5494.2955,8736.1892,2221.5208,405.3419,611.9709,2278.8419,281.9651,589.4725,1251.7438,405.3419,2917.6119,713.7104,0,1458.806,0,0,780.4296,0,123.4064,0,0,0,0,0,0,0,0,0,0,0,0,0,0,0,0,0,0,0,0,0,0,0,0,0,0,0,0,0
2004,7,2,3,0,1,-1,-1,31.424,0,0,0,54.9168,2957.6862,5199.6683,1840.9284,435.4027,3542.1156,3054.9794,2307.9741,1681.8885,643.2577,180.1538,55.6208,323.164,55.6208,54.9168,0,77.5699,153.2479,323.164,323.164,0,0,0,0,327.3609,0,55.6208,0,0,0,0,323.164,0,327.3609,0,0,0,0,0,0,0,0,0,0,0,0,0,0,0,0,0,54.9168,0,219.667,0,54.9168,222.5199,751.0191,166.1767,222.5199,77.5699,54.9168,0,75.678,0,300.0898,230.8178,327.3609,54.9168,0,77.5699,151.3559,0,650.5249,734.1356,0,77.5699,0,153.2479,75.678,0,500.6605,55.6208,0,222.5199,0,0,0,77.5699,111.2416,222.5199,0,0,0,0,0,0,111.2599,298.1978
2005,7,2,3,0,1,-1,-1,140.842,0,0,0,4405.0587,23259.4782,78665.9234,33320.213,7507.5385,4666.2765,2873.0192,7814.4125,2012.6109,3097.9897,601.4224,633.0225,44.6911,938.5869,230.5994,130.8791,103.9895,248.894,148.4736,44.6911,293.0011,44.6911,29.3885,121.0625,470.7551,0,232.3698,46.9829,271.4569,97.5365,0,76.3714,97.5365,0,0,101.4906,0,29.3885,0,97.5365,46.9829,0,0,57.0066,0,27.6181,0,0,0,0,542.7247,1050.3115,8524.2079,24751.5622,6185.8993,3632.9491,795.8315,1433.2481,375.6002,662.4089,615.5506,988.8609,371.4907,307.8091,310.1289,808.6482,726.3,69.5399,242.7848,0,133.4136,374.0721,38.9701,0,0,0,0,97.5365,0,119.6843,0,0,0,310.1289,242.7848,221.2759,0,0,0,242.7848,0,0,0,0,69.5399,0,0,0,0
2006,7,2,3,0,1,-1,-1,137.432,0,0,44.9827,122.9922,3009.926,9875.3653,33827.9529,12434.3057,2678.2994,2484.5615,3438.313,4068.8165,1024.484,1799.6889,791.0727,1107.3614,1736.3777,1419.9269,0,613.4767,277.8794,1320.4475,586.2448,45.2259,0,155.8881,0,477.6314,0,108.6133,87.4738,584.5041,0,0,108.6133,0,0,0,0,693.1174,0,0,0,0,0,0,0,0,0,0,477.6314,0,0,477.6314,709.2369,3206.6811,5277.5629,20201.8641,7162.8866,1882.2846,2743.4698,1819.1544,4427.3649,2533.2647,523.4171,2343.5344,1513.2281,2140.3452,995.5193,0,976.0975,620.0979,568.2873,477.6314,584.5041,217.2267,0,108.6133,477.6314,0,0,0,108.6133,584.5041,108.6133,477.6314,477.6314,0,0,0,0,0,20.8346,0,0,0,0,0,0,0,0,0
2007,7,2,3,0,1,-1,-1,284.274,0,0,153.6467,3628.6058,4187.54,21500.6636,40948.7115,82332.9939,23348.316,6880.7693,4042.8195,3087.555,3871.7154,4687.2178,2406.2152,959.0229,958.2973,1348.4735,787.4975,1116.6185,672.4901,411.9398,251.6272,1067.2268,147.1212,466.0847,1331.9269,481.2729,384.6234,378.1667,0,179.245,199.3417,159.4049,0,0,0,0,0,0,0,225.3485,0,0,0,0,0,0,0,0,0,0,0,174.8646,1620.6165,2657.9435,10487.5117,11692.4024,19026.1564,6529.063,741.5988,314.0958,4859.1502,2413.3405,1936.7093,1357.0123,331.4997,1540.8355,489.5576,1167.839,373.0327,1398.314,67.8242,149.7891,347.0914,1400.002,0,0,0,153.4757,0,25.9413,0,11.5515,0,0,42.3124,0,0,0,0,0,0,0,0,0,42.3124,151.0128,0,0,124.2772,0
2008,7,2,3,0,1,-1,-1,56.48,0,0,0,190.7154,2014.5593,1537.5396,4599.9167,6233.8169,22627.746,8512.0388,1053.3479,387.1527,561.1717,1978.1145,1365.8238,407.6996,439.746,617.6746,559.9085,394.4207,0,0,286.6992,286.6992,0,0,0,0,68.6181,0,0,0,0,190.7154,0,0,0,0,0,0,0,0,0,0,0,0,0,0,0,0,0,0,0,0,842.6094,3053.2602,1214.2977,1041.0499,2932.6989,9162.746,1980.9807,165.4877,68.6181,259.3335,917.9074,1044.0318,165.4877,531.657,585.1361,0,616.0857,0,0,0,0,0,0,0,0,68.6181,0,0,0,0,0,0,0,0,0,0,0,270.4633,0,0,0,0,0,0,0,0,0,0
2009,7,2,3,0,1,-1,-1,171.858,0,0,105.8998,1325.6428,951.7649,18660.2879,6447.0711,18285.6686,19130.3204,34622.5699,19065.4903,5841.0269,4482.4974,2673.9293,1360.5092,1669.2333,1678.3231,2327.3845,1259.1646,4039.8319,1888.7812,770.8423,899.3512,1202.0233,1408.6916,0,282.2723,0,462.4337,0,0,720.4602,0,939.4844,0,0,0,0,0,0,0,0,0,44.4462,0,0,0,0,0,0,69.0711,0,0,0,834.9156,644.6249,5682.2435,4370.2337,11380.4861,8245.1746,13587.3552,10721.3372,4694.8693,2778.1876,3719.7,2052.5297,2375.7591,2074.5448,1396.9746,911.8278,3059.3716,1236.6346,564.5446,609.6267,546.6678,283.7711,1060.9638,2608.2846,865.7668,0,1035.6582,1325.3592,0,105.8998,0,0,0,58.5713,0,0,652.7837,564.5446,0,828.9401,283.7711,0,0,0,282.2723,351.3434,0,3397.0381
2010,7,2,3,0,1,-1,-1,168.338,0,0,4467.6973,2069.4073,3904.137,5168.4136,17889.257,10946.4423,8899.6231,11221.0836,22980.1429,12049.8672,8349.5624,6121.8983,3695.1515,3697.1141,1538.1454,1610.0472,143.1212,865.3707,470.4545,529.5522,881.0062,509.8498,0,1530.2195,912.7409,238.399,259.1294,643.3436,765.1098,212.2193,0,0,0,535.263,765.1098,0,321.6718,765.1098,70.47,157.3249,0,118.2144,538.42,0,0,0,0,0,114.5074,0,0,5120.0583,1308.7348,6823.9571,2102.4496,6898.5987,5099.3405,7677.3988,9715.2634,13734.0138,8822.3869,2376.6278,2022.4825,1814.0292,545.3092,155.8026,1827.7303,2172.256,157.3249,830.4799,492.2283,0,281.2445,70.47,24.8204,70.47,213.5912,0,0,837.4516,209.7978,70.47,467.4079,0,24.8204,24.8204,208.0573,0,0,0,0,1327.8081,0,0,0,0,24.8204,0,0,70.47
2011,7,2,3,0,1,-1,-1,125.77,0,0,887.998,34296.4629,4760.1864,2518.821,3865.861,3902.5883,9470.3037,5805.7722,5897.0655,8318.1317,9282.7348,2472.8792,2176.3464,2870.2263,1619.7285,1777.5355,1821.168,230.4345,1218.8077,560.6364,292.864,603.3429,0,908.8868,452.7273,0,866.2889,260.2359,0,331.3655,110.2549,0,192.8254,0,226.3637,0,0,0,0,192.8254,304.7428,0,411.3186,226.3637,226.3637,0,0,0,0,0,0,0,10710.3579,978.1391,2070.2899,3466.5443,1162.9155,1670.7749,3687.0765,2411.9539,8720.1253,3538.9291,1386.3295,1139.9599,639.0902,1481.175,1156.2548,0,226.3637,226.3637,296.0229,226.3637,452.7273,226.3637,834.4819,301.4916,226.3637,298.6002,669.6971,0,0,639.9252,0,304.7428,0,0,0,0,0,0,226.3637,0,0,0,0,78.3791,0,0,0,639.9252
2012,7,2,3,0,1,-1,-1,203.442,0,217.8528,4324.8436,7115.8971,83037.4665,24227.0721,9692.8816,3256.2811,9396.5983,17626.4828,9192.7365,12012.7156,15656.4651,11090.1737,8054.9707,6141.2129,3269.5962,3404.5972,1222.9595,765.3279,1949.6699,1515.1044,699.5551,916.559,0,290.7433,1475.5499,2335.5154,2099.7526,395.7791,0,0,505.1597,1702.8501,125.9515,225.5797,187.2026,0,0,0,202.0251,101.9498,90.4083,0,0,0,0,0,0,0,135.2981,0,217.8528,3324.1573,2991.8155,22745.928,5740.8506,3667.1598,1200.5908,2796.3267,2161.6558,4356.3794,4373.8445,7119.5773,4210.6669,4740.2748,5816.4371,2394.0094,2037.3282,613.0693,1065.7813,3113.8979,1011.1722,1897.5193,145.34,0,2439.7557,1011.7089,291.9044,1936.06,1552.9357,277.4046,1292.4938,0,1287.817,1142.6744,0,145.1426,149.8194,94.1298,0,0,0,145.34,0,149.8194,94.1298,0,1142.6744,0,0,0
2013,7,2,3,0,1,-1,-1,155.028,0,0,1287.4143,10612.1052,5391.7665,39842.261,5295.1953,3523.0063,1801.0451,1582.8045,2904.3073,469.5597,2886.8629,7389.1083,3910.4728,1535.1352,1656.375,949.6712,1125.6509,208.6546,1083.2849,104.3273,104.3273,208.6546,208.6546,251.0206,208.6546,104.3273,669.7616,0,208.6546,0,104.3273,104.3273,0,0,400.667,265.554,0,0,104.3273,104.3273,0,42.366,0,0,0,0,0,0,355.3479,0,0,0,1174.3441,3402.5052,9993.1202,2298.4748,946.8388,1798.0821,1692.1684,1014.2503,644.2485,5238.255,5251.7175,3155.1853,1225.4012,608.1016,383.3202,749.1544,135.4904,577.4836,487.8026,42.366,0,271.0193,104.3273,104.3273,292.3192,33.75,0,208.6546,104.3273,193.7398,104.3273,146.6933,507.2429,104.3273,0,0,0,0,0,0,33.75,208.6546,0,104.3273,104.3273,0,0,1267.4832
2014,7,2,3,0,1,-1,-1,7.06,0,0,0,0,920.4395,788.9482,394.4741,131.4914,0,0,0,0,0,0,0,0,0,0,0,0,0,0,0,0,0,0,0,0,0,0,0,0,0,0,0,0,0,0,0,0,0,0,0,0,0,0,0,0,0,0,0,0,0,0,262.9827,1446.405,920.4395,788.9482,131.4914,0,0,0,0,131.4914,0,0,0,0,0,0,0,0,0,0,0,0,0,0,0,0,0,0,0,0,0,0,0,0,0,0,0,0,0,0,0,0,0,0,0,0,0,0
2015,7,2,3,0,1,-1,-1,134.236,0,0,8447.4293,4196.9407,12158.5881,33202.9513,12364.0968,13446.8291,1172.7679,658.5785,544.7208,112.8145,432.8312,0,0,0,1704.8566,0,62.0724,749.8131,0,0,0,0,92.3233,0,0,0,0,0,0,0,0,0,0,0,0,0,0,0,0,0,0,0,0,0,0,0,0,0,0,0,0,4648.8121,1640.7366,4269.9031,10220.2631,4796.9123,1391.8993,200.7113,0,0,0,0,67.9485,598.8005,1191.5848,0,0,0,0,0,0,0,0,0,0,0,0,0,0,0,0,0,0,0,0,0,0,0,0,178.124,0,0,0,0,0,0,0,0,0,354.2766
2016,7,2,3,0,1,-1,-1,158.16,0,0,402.9918,22388.9501,6889.4275,16441.5612,19463.0397,24320.5829,23729.4298,6587.8467,1935.3591,4.9023,2503.3105,2917.6119,3810.2533,2697.4445,1953.365,2798.577,0,0,297.5508,0,0,380.9019,558.0828,0,0,0,0,0,0,0,0,0,0,0,0,0,0,0,0,0,0,0,0,0,0,0,0,0,0,0,0,934.1796,6285.3355,1031.2555,1092.0017,2420.585,7639.0117,609.1653,879.0492,1852.2259,0,0,0,0,3216.9043,0,2637.1475,654.0727,0,297.5508,0,0,0,0,0,297.5508,0,749.4583,1437.132,0,0,0,558.0828,0,0,0,0,0,0,1458.806,0,0,0,0,0,0,0,0,0,0
2017,7,2,3,0,1,-1,-1,174.802,0,341.6178,1545.9312,12504.105,79444.0509,18367.4906,16024.9329,24353.6685,20385.7254,15038.8367,4226.7818,4266.3409,1494.756,1535.6765,2552.9716,1204.8583,882.2802,588.0998,2414.3184,396.5864,1260.0469,676.0224,338.0112,0,520.3772,735.5563,0,352.3947,338.0112,338.0112,0,235.7051,0,338.0112,0,0,0,0,0,0,0,0,0,0,0,0,0,0,0,0,0,0,0,1395.6013,3258.9079,21161.3939,5133.4367,7629.0881,9170.413,11827.8031,4878.9365,1921.5599,1883.2538,1465.5526,3328.1846,735.5563,1768.4709,811.0292,869.5611,1668.333,2881.3742,740.8925,0,0,735.5563,338.0112,735.5563,0,520.3772,795.5248,235.7051,0,338.0112,0,735.5563,0,0,0,0,0,0,0,0,0,0,0,0,0,0,0,0,335.1757
2018,7,2,3,0,1,-1,-1,262.46,0,0,5781.7369,5072.5267,28455.9271,95875.921,11882.9879,14680.2627,26510.8809,6868.7254,7173.1798,5343.2762,1737.2289,92.4646,1031.6498,334.4667,2646.4941,308.4044,179.7575,230.5634,230.5634,163.256,72.4441,1458.806,947.6088,0,1458.806,1670.8477,1603.6941,0,0,0,1531.25,0,0,0,0,355.7524,0,0,0,72.4441,0,0,0,0,0,0,0,0,72.4441,0,0,3220.1661,2455.544,6916.5911,17851.4232,2209.788,5729.7265,6479.0748,5058.9998,3641.9419,3183.0767,0,163.256,1680.1449,973.867,1299.1244,1531.25,2374.7573,179.7575,330.9311,652.2487,1664.8637,194.4975,699.5357,0,72.4441,1784.9303,775.6305,72.4441,72.4441,72.4441,326.1244,0,72.4441,0,0,72.4441,326.1244,0,0,326.1244,0,0,0,0,0,0,0,72.4441,1067.6969
2019,7,2,3,0,1,-1,-1,190.284,0,0,254.4478,17933.9707,7567.0687,9819.1462,31165.1178,5508.7619,4411.8172,3606.1612,3406.6473,2699.0288,897.5781,992.3335,1515.3973,1516.6139,205.9097,407.0527,1129.1652,330.1261,366.1097,316.5987,603.1225,0,239.3135,309.86,104.4999,309.86,906.6287,78.4545,517.2663,160.859,0,894.041,0,517.2663,517.2663,0,0,0,309.86,0,78.4545,69.4975,0,309.86,93.4895,0,0,309.86,1654.2525,0,0,157.2303,9826.5349,3121.4983,2454.3127,7451.535,2161.4402,1992.8663,1707.5762,1516.9656,1272.8756,795.5036,332.1683,1011.2927,1816.6245,314.8431,263.1254,498.7833,1395.8337,171.944,1042.7151,69.4975,0,309.86,0,0,0,0,619.72,0,0,0,0,517.2663,0,0,0,179.8582,309.86,0,0,309.86,0,0,128.911,0,0,0,0,1183.4738
2020,7,2,3,0,1,-1,-1,153.878,0,0,400.8621,1795.8341,47287.9806,7913.8716,13387.2213,29250.3329,4725.3759,1880.9416,3317.4265,1719.6691,832.8566,150.8153,138.1527,0,0,0,417.3674,273.9861,219.0693,327.6393,0,0,0,705.0596,0,10.1679,23.9115,0,0,0,0,0,0,0,0,0,0,0,0,0,0,0,0,0,0,0,54.9168,0,0,0,0,0,990.7833,12671.4347,5784.76,4346.5334,8993.5593,2581.4423,732.2858,495.9374,1196.4654,206.871,649.7335,0,219.0693,41.9977,0,305.9849,219.0693,267.0623,0,705.0596,0,0,0,0,0,0,0,0,0,0,0,0,0,0,0,0,95.8985,0,0,0,0,0,0,0,0,0,0,0
2021,7,2,3,0,1,-1,-1,150.168,0,0,0,5760.5559,9025.4853,69373.5081,18264.0707,17458.2833,21678.119,7851.0844,8068.883,984.871,5006.8967,3403.6586,0,2492.3527,152.9228,1458.806,0,0,1458.806,1689.3865,0,1458.806,0,0,0,0,1458.806,0,0,0,0,0,2917.6119,2917.6119,2236.2408,0,0,0,0,1458.806,0,0,0,1258.4824,0,0,0,0,0,0,0,0,0,0,15442.1493,1710.4075,4402.0143,114.6534,1191.8477,114.6534,1668.3666,2588.4165,777.4349,0,1458.806,0,0,0,777.4349,777.4349,1080.306,2243.0034,777.4349,0,0,0,0,0,1033.5467,1458.806,0,0,0,0,0,0,0,0,0,0,0,0,0,0,0,0,0,0,0,0
2022,7,2,3,0,1,-1,-1,180.662,0,0,551.0054,4051.4374,15302.6781,11195.7703,105535.0177,19061.798,27037.9758,24970.7221,9082.1251,9683.5204,5655.1075,2792.8224,4778.5335,3415.6214,429.8843,1458.806,1272.6369,0,429.8843,3093.3402,229.2779,871.7317,87.8642,1458.806,129.7691,1458.806,782.2491,0,25.1448,0,1458.806,0,774.423,0,0,0,0,0,0,0,40.2809,0,0,0,0,0,89.4882,0,80.5618,0,0,444.9554,612.6748,1822.149,2280.219,9683.9784,1588.9103,5972.5926,1483.9508,1998.1287,2171.2769,2450.8249,3109.9106,30.1721,498.2139,0,0,0,0,0,1498.6733,429.8843,2917.6119,0,0,0,0,0,0,1458.806,0,0,1458.806,0,0,0,0,0,0,0,0,0,0,0,0,0,0,0,0,0
2023,7,2,3,0,1,-1,-1,140.82,0,0,1359.9511,6021.0181,7586.2074,8992.2325,9163.6365,98499.5909,12945.2525,9182.598,13293.5375,2432.2959,6666.8652,7490.1115,1954.0754,1386.0904,2280.4456,0,0,134.235,807.4221,0,0,16.5955,0,0,64.1025,0,64.1025,0,0,0,0,0,0,0,600.6927,0,0,0,0,0,0,0,0,0,0,0,0,0,0,0,0,0,1957.051,1111.564,0,1598.3255,8259.9438,2318.2598,4860.8273,6630.882,1351.4972,2578.096,4021.1232,485.4727,2266.2281,0,0,0,1458.806,1186.4658,0,0,372.9825,0,0,0,0,0,0,0,0,0,0,0,0,0,0,0,0,0,0,0,0,0,0,0,0,0,0,0
2024,7,2,3,0,1,-1,-1,188.146,0,0,0,2407.601,45540.582,21611.9129,17066.6459,24254.0981,90101.7584,11182.9262,11747.0818,6140.3653,7014.98,5707.7806,2691.2017,2803.2962,2300.2839,1458.806,2925.0764,195.5055,0,0,1557.1541,1556.4379,0,1297.5288,0,288.8474,1458.806,0,0,1458.806,0,0,0,0,0,171.6574,0,0,0,0,0,0,0,0,0,0,0,0,1458.806,0,0,0,881.4221,6069.5787,1786.57,2373.5044,1597.0275,9062.9775,1603.5377,3275.3754,3611.5477,1819.9264,1058.5508,985.4671,0,2656.6809,837.0467,1458.806,472.4771,984.6499,0,0,623.8178,988.4625,0,623.6805,0,0,0,0,0,0,0,0,0,0,0,0,0,1458.806,0,0,264.0466,0,0,0,0,109.6804,0,0
2015,7,3,0,0,1,-1,-1,1.138,0,0,0,0,0,159.2164,0,0,0,0,0,0,0,0,0,0,0,0,0,0,0,0,0,0,0,0,0,0,0,0,0,0,0,0,0,0,0,0,0,0,0,0,0,0,0,0,0,0,0,0,0,0,0,0,0,0,0,0,0,0,0,0,0,0,0,0,0,0,0,0,0,0,0,0,0,0,0,0,0,0,0,0,0,0,0,0,0,0,0,0,0,0,0,0,0,0,0,0,0,0,0,0
2020,7,3,0,0,1,-1,-1,14.12,0,0,0,0,38571.341,4070.2097,832.0185,740.2129,740.2129,0,0,1017.5524,277.3395,0,0,0,0,0,0,0,0,0,0,0,0,0,0,0,0,0,0,0,0,0,0,0,0,0,0,0,0,0,0,0,0,0,0,0,0,0,0,0,0,0,0,0,0,0,0,0,0,0,0,0,0,0,0,0,0,0,0,0,0,0,0,0,0,0,0,0,0,0,0,0,0,0,0,0,0,0,0,0,0,0,0,0,0,0,0,0,0,0
2021,7,3,0,0,1,-1,-1,4.07,0,0,0,0,314.7028,4405.8396,0,0,0,0,0,0,0,0,0,0,0,0,0,0,0,0,0,0,0,0,0,0,0,0,0,0,0,0,0,0,0,0,0,0,0,0,0,0,0,0,0,0,0,0,0,0,0,0,0,0,0,0,0,0,0,0,0,0,0,0,0,0,0,0,0,0,0,0,0,0,0,0,0,0,0,0,0,0,0,0,0,0,0,0,0,0,0,0,0,0,0,0,0,0,0,0
1986,7,3,3,0,1,-1,-1,39.182,0,0,0,5918.3219,10367.9268,24955.9863,14438.233,20496.4703,9093.505,8752.8357,2990.7989,8972.3796,1458.806,0,1308.9795,4376.4179,0,2917.6119,0,0,1458.806,0,1458.806,0,0,0,0,0,0,0,0,0,0,0,0,0,0,0,0,0,0,0,0,0,0,0,0,0,0,0,0,0,0,0,0,7450.3149,4376.4179,8752.8357,7430.4755,3263.6903,10211.6417,1458.806,1663.0296,1458.806,1458.806,0,2917.6119,0,0,4512.8636,1458.806,1458.806,0,0,0,0,0,0,0,0,0,0,0,0,0,0,0,0,0,0,0,0,0,0,0,0,0,0,0,0,0,0
1987,7,3,3,0,1,-1,-1,63.498,0,0,1458.806,7432.0365,1585.038,4976.6547,9927.3604,11064.3425,5743.4219,9590.8535,11690.452,7599.7601,3757.7642,7294.0298,5835.2238,4666.6056,2917.6119,6985.4253,2917.6119,2917.6119,4376.4179,2214.4203,2214.4203,0,0,0,1458.806,1458.806,2917.6119,290.1877,0,0,0,1458.806,0,1458.806,0,1458.806,0,0,840.1523,0,0,0,0,0,0,0,0,0,2298.9583,0,0,1458.806,7584.2175,290.1877,9043.0234,8752.8357,10211.6417,7440.0678,8052.1348,7584.2175,4376.4179,6759.6078,9043.0234,10211.6417,4376.4179,0,5835.2238,4376.4179,1458.806,2917.6119,1458.806,6675.3761,5835.2238,1458.806,0,0,0,1458.806,0,1458.806,0,0,0,1458.806,1458.806,0,0,1458.806,0,0,0,0,0,1458.806,0,0,0,0,0,0
1988,7,3,3,0,1,-1,-1,18.868,0,0,0,4376.4179,2917.6119,5835.2238,0,4376.4179,1458.806,5835.2238,5835.2238,4376.4179,4376.4179,2917.6119,1458.806,2917.6119,1458.806,2917.6119,0,0,1458.806,1458.806,0,1458.806,4376.4179,2917.6119,0,0,0,1458.806,1458.806,0,1458.806,0,1458.806,0,0,0,0,0,1458.806,0,0,0,0,0,0,0,0,0,0,0,0,0,1458.806,1458.806,0,2917.6119,0,0,0,0,2917.6119,2917.6119,1458.806,2917.6119,1458.806,1458.806,0,0,1458.806,5835.2238,2917.6119,4376.4179,2917.6119,1458.806,4376.4179,1458.806,1458.806,0,1458.806,1458.806,1458.806,0,0,0,0,0,4376.4179,0,0,0,0,1458.806,0,0,0,0,0,0,0,0
1989,7,3,3,0,1,-1,-1,56.602,0,0,0,0,0,0,1853.1612,4126.8644,2705.723,6940.9804,5372.5467,3900.5568,6295.0697,2827.5961,1136.558,4052.0647,3259.1625,3036.4486,2668.3004,6058.0117,3986.0553,913.0299,1915.2637,4843.5212,4549.064,2729.3505,3085.0184,2588.577,4584.3123,4545.2385,1277.7214,4350.3177,1568.7938,4628.7913,3091.512,2142.6712,3420.0771,496.2318,3475.1267,951.2974,2597.317,2083.8159,1458.806,0,0,0,0,0,745.7763,0,2354.5573,0,0,0,0,0,0,0,0,477.0856,0,486.4026,2827.6135,1210.5432,4126.4987,4780.8665,8230.9482,1368.8075,6937.7051,1782.6882,2649.5742,3879.8924,1458.806,4236.4718,1591.3885,5766.5334,6878.4926,5258.243,7416.4172,3254.9797,931.7727,4169.7704,4113.0568,1935.8916,3849.8953,3166.3945,2518.6301,0,3330.4286,2729.3505,508.9697,652.7114,1458.806,323.8822,0,0,0,0,0,0,0,477.0856
1990,7,3,3,0,1,-1,-1,20.902,0,0,0,0,0,0,1458.806,1736.1052,1212.2762,0,4376.4179,479.6052,1458.806,286.8423,1736.1052,1458.806,258.3714,9011.2071,3175.9833,1458.806,1458.806,1458.806,4129.8881,286.8423,0,258.3714,1692.8574,3104.6236,1458.806,4376.4179,0,286.8423,0,4653.7171,0,0,1458.806,0,277.2992,1458.806,0,0,0,0,0,0,0,1458.806,0,0,0,0,0,0,0,0,0,1458.806,0,0,1458.806,0,0,0,0,0,1458.806,0,2917.6119,1458.806,2917.6119,1458.806,2917.6119,1458.806,1458.806,1458.806,0,1717.1773,1458.806,2917.6119,1458.806,0,2917.6119,0,1458.806,0,0,0,0,0,0,0,0,0,2917.6119,0,0,0,0,0,1458.806,0
1991,7,3,3,0,1,-1,-1,56.642,0,0,0,419.4336,1842.5955,1050.7023,3949.8467,2420.6954,5024.6659,2557.9432,5911.8824,5754.2319,4097.0196,2283.215,5215.3739,173.5245,2365.4674,763.6872,6570.5265,3309.0069,1977.6567,4935.7304,608.1862,2033.2759,3467.8958,194.9785,4390.7997,3464.7642,3351.5767,969.8767,3110.7746,744.0687,1638.5741,2069.5399,3358.4184,0,5551.4523,1458.806,1458.806,0,1458.806,0,0,0,1458.806,381.6092,0,0,189.5539,0,179.7681,0,0,0,419.4336,423.6703,1670.6411,2505.2715,211.8351,3125.2103,6028.3865,5789.3208,5835.2238,5835.2238,5835.2238,10576.7192,2917.6119,4376.4179,4376.4179,6028.3865,6028.3865,4376.4179,2917.6119,10211.6417,7294.0298,5835.2238,7499.0166,8752.8357,6024.7777,1458.806,7294.0298,3107.1658,1458.806,5835.2238,2917.6119,2917.6119,1458.806,4376.4179,153.2424,2917.6119,193.1627,2917.6119,0,4376.4179,2917.6119,0,0,0,0,0,0,0
1993,7,3,3,0,1,-1,-1,22.836,0,0,0,461.3213,11250.3938,6572.7827,19048.0062,8872.7579,11670.4476,3070.1148,3037.5341,0,1458.806,0,0,0,0,0,0,0,2917.6119,1458.806,0,1458.806,0,1458.806,0,0,0,1458.806,0,1458.806,2917.6119,0,0,0,0,0,0,0,0,0,0,0,0,0,0,0,0,0,0,0,0,0,1458.806,1611.3088,6194.9903,6300.3576,4689.0488,2917.6119,5835.2238,4376.4179,1611.3088,2917.6119,2917.6119,0,1458.806,4376.4179,2917.6119,0,1458.806,0,1458.806,0,2881.2186,1458.806,0,0,0,1458.806,0,0,0,0,2917.6119,0,0,0,0,0,0,0,0,0,0,0,0,0,0,0,0,0
1994,7,3,3,0,1,-1,-1,15.592,0,0,0,0,8939.3058,12689.653,11846.4585,1458.806,4512.1467,5897.3805,5271.3098,1692.1594,3812.5039,0,0,894.892,0,775.3927,2489.4268,797.2674,0,2353.6979,0,0,0,0,0,0,0,0,0,0,0,0,0,0,0,0,0,0,0,0,0,0,0,0,0,0,0,0,0,0,0,0,0,3693.0046,0,3725.3385,5835.2238,2917.6119,2917.6119,1458.806,2917.6119,0,0,1458.806,2204.3759,0,0,0,1458.806,797.2674,1458.806,1458.806,0,0,0,0,0,1458.806,0,745.5699,0,0,0,0,0,0,0,0,0,0,0,0,0,0,0,0,0,0,0,0
1995,7,3,3,0,1,-1,-1,23.56,0,507.3226,0,1699.7268,6649.8213,8785.0089,8869.3441,4275.215,2427.3182,1296.2815,1549.9862,730.0217,183.2584,0,792.3317,0,0,0,89.9428,0,730.0217,730.0217,0,0,0,0,730.0217,0,0,0,0,0,0,0,0,0,0,0,0,0,0,0,0,0,0,0,0,0,0,0,0,0,0,0,757.019,3061.3721,1967.3661,6960.9055,5280.6864,2554.0494,1487.0407,2159.0595,0,0,730.0217,0,730.0217,0,0,0,0,0,0,0,0,0,0,0,0,0,0,0,0,0,0,0,0,0,0,0,0,0,0,0,0,0,0,0,0,0,0,0
1996,7,3,3,0,1,-1,-1,61.574,0,0,0,2057.1942,4767.1206,11611.1387,20589.1858,24622.2331,20218.4118,13595.0383,11473.1226,6254.9437,6769.9707,2916.4307,2917.6119,943.779,1795.1646,2057.1942,1196.7764,0,0,1196.7764,598.3882,0,0,598.3882,0,0,0,0,0,0,541.6948,0,0,0,0,0,0,0,0,0,0,0,0,0,0,0,0,0,0,0,0,0,0,4904.7569,7466.6916,13209.9993,8901.494,10808.7468,3852.3588,6525.1905,2393.5528,5331.0875,5042.3901,2935.2477,2655.5824,3253.9706,579.4694,1795.1646,0,1542.1672,598.3882,2393.5528,598.3882,541.6948,598.3882,1196.7764,0,1795.1646,0,598.3882,0,0,0,598.3882,0,0,0,0,598.3882,0,0,0,0,0,0,0,0,0,0,0
1997,7,3,3,0,1,-1,-1,111.938,0,0,3080.2642,18869.6079,30466.3629,23081.5584,17801.6661,23111.7966,22762.5879,6505.8093,6698.4826,1378.6863,5208.7375,1313.7855,1013.2649,1578.9265,252.6759,1216.2541,0,66.8731,0,0,0,0,0,0,294.9219,0,0,0,0,0,0,186.3207,0,0,0,0,0,58.6252,0,0,0,0,0,0,0,0,0,0,0,0,0,567.471,7090.1055,22567.2696,11541.0143,7575.7954,11006.2773,8574.4712,4088.3729,3232.7963,4242.5872,1804.9006,1070.2823,3522.6541,1049.0454,271.4825,1282.2165,839.5936,8.248,0,141.3779,8.248,0,0,157.2397,0,0,0,0,0,0,0,0,0,0,0,0,0,0,0,0,0,0,0,0,0,0,0,0,0
1999,7,3,3,0,1,-1,-1,57.814,0,0,0,4596.7603,33756.3793,15732.523,3967.5034,9115.8459,12573.9243,10194.6338,8545.6551,1399.1156,2213.783,1808.7061,4619.2757,2330.7444,1452.2236,2094.9857,223.7719,0,0,0,904.3531,0,0,0,0,0,0,0,0,0,0,0,0,0,223.7719,0,0,0,0,0,0,0,0,0,0,0,0,0,0,0,0,70.9473,1085.6291,6445.2172,5737.3862,2033.622,4116.6132,3550.6508,7317.1532,3044.1179,2357.8089,1387.4832,726.562,1121.3979,968.5733,610.2958,238.435,462.207,70.9473,223.7719,411.8039,523.3854,0,726.562,0,0,0,223.7719,0,0,0,0,0,0,0,146.2252,664.5709,0,0,0,0,0,0,0,0,0,0,0,0,0
2000,7,3,3,0,1,-1,-1,50.432,0,0,0,1434.0337,19150.8043,36059.4398,13709.6548,6392.4782,4525.9612,9904.4971,10358.2525,5880.9831,2295.2561,1295.986,854.9466,419.9388,2377.497,0,854.9466,0,0,0,0,0,1709.8933,0,0,0,0,0,0,419.9388,0,0,0,0,0,0,0,0,0,0,0,0,0,0,0,0,0,0,0,0,0,0,4465.207,5954.0979,20334.1141,3493.3031,2216.7534,5165.7577,6937.7868,2918.5495,1274.8854,2150.9326,1531.4692,2078.6719,419.9388,0,0,0,0,0,0,0,0,0,0,0,0,854.9466,0,0,0,0,854.9466,0,0,0,0,0,0,0,0,0,0,0,0,0,0,0,0,0
2001,7,3,3,0,1,-1,-1,39.772,0,0,1570.6885,1774.6017,3029.4944,7435.28,15841.2939,11440.9476,3538.3776,6243.032,2640.3169,10733.8685,3661.1029,3056.9532,5272.2871,4303.7167,3857.1076,2986.255,685.8297,1527.4491,1836.7401,186.5741,302.45,2917.6119,1411.5732,445.6857,0,115.8759,0,0,569.9538,0,569.9538,0,445.6857,0,0,0,0,0,0,0,0,0,0,0,0,0,0,0,0,0,0,0,539.5608,0,4697.817,5505.8,6196.1725,3680.797,569.9538,1862.8834,2783.5526,1266.7862,1645.38,2744.7121,1574.6818,0,1574.6818,302.45,1458.806,4137.1654,1208.8707,0,445.6857,569.9538,763.1851,115.8759,0,0,0,0,0,0,0,0,0,0,115.8759,763.1851,0,0,0,0,0,0,0,0,0,0,0,0
2002,7,3,3,0,1,-1,-1,33.77,0,0,0,674.8505,1388.62,1359.6201,4303.7417,7638.2497,5178.1478,1779.7419,2041.272,5391.2141,4591.2184,3659.7549,2831.0645,2525.4907,615.6702,1703.8467,2222.581,0,1399.5294,3786.1736,0,1533.539,2722.7107,792.92,1919.2373,0,278.2449,1051.2268,0,278.2449,258.3068,1126.3173,337.4253,556.4898,0,0,0,258.3068,0,0,0,0,0,0,0,0,0,0,0,0,0,0,0,0,1126.3173,143.4913,1608.7562,220.4273,220.4273,622.6123,1858.6933,258.3068,258.3068,0,910.9267,1745.2096,1126.3173,0,1404.5622,0,910.9267,910.9267,0,0,0,1126.3173,337.4253,0,0,792.92,0,0,1126.3173,0,0,1126.3173,337.4253,0,0,1126.3173,258.3068,0,0,0,0,0,0,792.92,0,0
2003,7,3,3,0,1,-1,-1,34.288,0,0,0,10821.0762,41111.5369,4118.7083,2275.0662,10258.0707,19691.0217,7670.8561,2105.2154,7473.9133,3456.5286,3294.4382,2917.6119,3228.7726,1026.0973,1026.0973,0,0,3228.7726,0,1458.806,2917.6119,1458.806,0,0,0,0,0,0,1458.806,0,0,0,0,0,0,0,0,0,0,0,0,0,0,0,0,0,0,0,0,0,0,7454.7098,9462.6196,1026.0973,2268.3409,0,5941.4319,2484.9033,538.9167,0,0,1769.9667,0,0,1026.0973,0,0,0,0,1458.806,0,0,1458.806,0,0,0,0,0,0,0,0,0,0,0,0,0,0,0,0,0,0,0,0,0,0,0,0,0,0
2004,7,3,3,0,1,-1,-1,18.972,0,0,0,3712.9854,31134.9171,27021.3548,4038.3608,5593.4693,2267.8236,3796.012,54.9168,1458.806,1307.8525,0,0,752.7901,0,0,0,0,0,1458.806,0,0,0,752.7901,0,0,0,0,0,0,0,0,0,0,0,0,0,0,0,0,0,0,0,0,0,0,0,0,0,0,0,0,2309.3116,809.0176,0,615.2148,0,1230.4297,0,0,0,0,0,0,0,0,0,615.2148,850.5057,0,0,0,0,0,0,0,0,0,0,0,0,0,0,0,0,0,0,0,0,0,0,0,0,0,0,0,0,0,0,0
2005,7,3,3,0,1,-1,-1,32.356,0,0,0,9502.9401,18993.0196,56182.2919,21736.7133,3271.9224,4245.3711,1947.7135,5888.5618,0,2460.7748,1021.4885,1458.806,2019.465,2367.3293,0,0,1458.806,940.2981,0,1021.4885,0,0,0,0,0,0,0,0,0,0,0,0,0,0,0,0,0,0,0,0,0,0,0,0,0,0,0,0,0,0,0,2072.3761,5712.2779,5496.5769,4337.1168,0,498.9883,0,750.1044,0,0,997.9766,0,0,0,1448.7252,0,0,0,0,0,0,0,0,0,0,0,0,0,0,0,0,0,0,0,0,0,0,0,0,0,0,0,0,0,0,0,0,0
2006,7,3,3,0,1,-1,-1,16.592,0,0,511.2958,511.2958,4068.0089,1537.2183,15133.0814,7275.3866,1511.5297,0,310.504,0,0,0,1276.8272,0,0,0,0,310.504,0,0,0,0,0,0,0,0,0,0,0,0,0,0,0,0,0,0,0,0,0,0,0,0,0,0,0,0,0,0,0,0,0,0,511.2958,2249.3059,2669.5222,5690.5151,3148.1107,0,0,0,0,0,0,0,0,0,0,0,0,0,0,0,0,0,0,0,0,0,0,0,0,0,0,0,0,0,0,0,0,0,0,0,0,0,0,0,0,0,0,0
2007,7,3,3,0,1,-1,-1,69.82,0,131.1573,313.7667,542.0284,2261.2333,4000.1,14735.923,32833.3957,13153.1014,1406.8862,1081.8861,424.7778,816.5291,923.923,733.051,0,369.8611,39.8052,92.2895,0,286.8205,45.9173,0,0,0,0,0,0,0,0,0,0,0,0,0,0,0,0,0,0,0,0,0,0,0,0,0,0,0,0,0,0,58.9365,195.8936,309.7469,68.201,3233.2934,1080.2299,4846.9762,523.852,619.9087,506.75,1256.9031,226.3011,0,19.3248,232.1576,496.0195,923.923,0,637.1025,0,0,0,286.8205,0,0,0,0,637.1025,0,0,0,0,0,0,0,0,286.8205,0,0,0,0,0,0,0,0,0,0,0,0,0
2008,7,3,3,0,1,-1,-1,9.038,0,0,0,0,472.7915,62.7874,694.4335,506.0713,2689.211,727.7132,221.6419,0,0,221.6419,0,0,0,0,0,443.2839,0,0,0,221.6419,0,221.6419,0,0,0,0,0,0,0,0,0,0,0,0,0,0,0,0,0,0,0,0,0,0,0,0,0,0,0,0,0,125.5748,62.7874,62.7874,0,347.2167,221.6419,221.6419,0,0,0,0,0,0,0,0,0,0,0,0,221.6419,0,0,0,0,0,0,0,0,221.6419,0,0,0,0,0,0,0,0,0,0,0,0,0,0,0,0,0,0
2009,7,3,3,0,1,-1,-1,72.58,0,0,39.9838,2337.3066,1854.5827,17365.3556,13614.5259,9043.1517,11532.0075,31720.5171,12137.4169,700.0526,2208.7165,2109.9988,827.5565,1055.9475,176.3636,674.9064,775.1191,1302.3858,1302.3858,2978.6984,1326.0992,2099.1146,652.6256,0,176.3636,651.1929,0,651.1929,1458.806,0,651.1929,0,0,0,0,0,0,0,0,0,0,0,0,0,0,0,0,0,651.1929,0,0,0,1594.9734,1683.7612,1841.0464,6199.4634,4332.379,7299.3948,10839.0297,6502.2169,1496.7461,2964.3022,1458.806,2575.8537,0,0,2917.6119,0,854.3034,0,651.1929,1080.7023,428.0767,0,1458.806,1458.806,651.1929,651.1929,0,0,0,0,0,0,0,0,0,0,0,0,651.1929,0,0,0,0,0,0,0,0,0
2010,7,3,3,0,1,-1,-1,53.4,0,318.1477,8752.8357,1458.806,1726.133,3419.6282,6280.3858,3465.6814,6159.0165,6183.0914,14588.0766,6582.2815,1060.4139,390.7121,1802.0154,387.3149,258.5198,0,0,342.7686,72.5644,72.5644,0,195.2648,318.1477,708.8598,0,0,0,0,0,0,0,0,0,0,0,0,0,0,0,0,0,0,1146.8713,0,0,0,0,0,0,0,0,5835.2238,0,171.0123,71.7672,472.0166,1633.3087,1209.0681,2858.5776,2227.7213,1361.6128,1376.8498,0,1146.8713,0,0,72.5644,229.9785,387.3149,459.8793,72.5644,52.726,195.2648,0,318.1477,72.5644,229.9785,36.3798,0,0,0,0,72.5644,0,0,0,0,0,0,0,0,0,0,0,0,0,0,0,0,0
2011,7,3,3,0,1,-1,-1,48.536,0,0,397.0086,7284.7277,2045.8798,988.8123,1260.3601,23.417,1841.6227,2230.1037,1420.6845,6168.0407,1590.3496,1972.5639,1073.4068,1872.7271,1920.2268,1360.9976,309.8705,453.6659,946.2587,453.6659,0,907.3317,317.6254,453.6659,771.2913,453.6659,1217.2022,453.6659,461.4208,0,0,0,0,0,453.6659,0,0,0,0,0,0,0,0,0,453.6659,0,0,0,0,0,0,1633.0822,9741.7579,0,1482.2229,1564.3617,763.5363,1458.806,3179.6618,1888.4908,1610.3303,1313.7179,18.4176,61.4818,6.2289,32.4015,18.4176,472.0835,18.4176,1458.806,33.9276,18.4176,41.8346,0,317.6254,0,18.4176,18.4176,317.6254,7.755,7.755,0,18.4176,0,18.4176,453.6659,0,0,0,0,0,0,0,0,0,0,0,0,18.4176,0
2012,7,3,3,0,1,-1,-1,12.004,0,0,0,4376.4179,9285.8125,3077.6558,0,1458.806,1458.806,1538.8279,3528.9776,2150.1936,1458.806,5759.1931,78.3888,0,78.3888,0,1458.806,0,0,1458.806,0,0,0,0,0,0,0,0,0,0,0,0,0,1458.806,1458.806,0,0,0,80.0219,0,0,0,0,0,0,0,0,0,0,0,0,0,2917.6119,1458.806,0,0,0,2997.6338,0,0,1458.806,2917.6119,0,532.9768,0,0,1065.9537,0,0,0,0,0,0,0,1458.806,0,0,0,0,78.3888,0,1458.806,0,0,0,0,0,0,0,0,0,0,0,0,0,0,0,0,0,0
2013,7,3,3,0,1,-1,-1,43.81,0,0,0,1218.6513,1297.2658,4446.3351,452.2109,396.3047,160.2293,349.9156,1665.8223,647.6529,905.5583,2284.2993,1089.1487,926.5892,1240.9519,457.9666,1516.249,3788.0755,1216.8213,160.2293,940.3448,1968.1197,2888.613,2876.5478,1056.592,1819.9557,320.4586,725.9885,287.3624,920.4933,160.2293,1956.0545,468.6226,308.3933,0,139.1984,760.264,0,789.721,0,908.428,0,160.2293,0,760.264,139.1984,148.164,0,0,0,0,0,727.2269,609.232,2156.0445,304.4731,137.508,241.8312,29.457,480.6879,757.3943,160.2293,137.508,760.264,297.7373,166.965,320.4586,0,29.457,148.164,0,0,0,0,139.1984,920.4933,0,0,0,148.164,139.1984,0,160.2293,139.1984,148.164,0,0,0,160.2293,29.457,0,0,0,0,0,160.2293,0,0,160.2293,595.7557
2015,7,3,3,0,1,-1,-1,60.878,0,0,1934.5814,2212.4762,11067.86,29406.7462,8134.8516,7792.3421,3285.8588,3.4804,17.4019,0,0,3.4804,546.3368,63.568,2190.5725,3.4804,1098.7666,6.9608,535.8957,1095.2863,0,1095.2863,0,0,3.4804,3.4804,0,542.8564,1095.2863,0,1095.2863,6.9608,0,535.8957,1095.2863,3.4804,0,0,0,0,0,0,6.9608,1095.2863,0,0,0,0,2733.4289,0,0,1205.0888,1095.2863,3891.5692,8105.0394,839.2952,0,0,3.4804,1155.3739,0,3.4804,3.4804,3.4804,1095.2863,1095.2863,2190.5725,1095.2863,0,0,0,3.4804,0,0,0,0,3.4804,2190.5725,3.4804,3.4804,0,0,1631.1819,0,0,1095.2863,0,3.4804,3.4804,0,0,0,0,0,0,0,1095.2863,0,535.8957,539.376
2016,7,3,3,0,1,-1,-1,68.946,0,0,41.8183,9362.82,6662.6278,7901.5656,11144.011,19506.2557,6738.616,1896.2642,2712.5107,1802.9502,1382.0046,0,1354.104,0,1614.7617,1689.9893,2712.5107,448.8463,2708.2079,1354.104,0,1354.104,1354.104,1358.4068,0,1611.3986,4.3028,0,0,0,0,1354.104,0,0,0,0,0,0,0,1354.104,335.8854,0,0,1354.104,0,0,0,0,4.3028,0,0,1689.9893,5758.9118,335.8854,23.5978,2246.8758,3893.362,1689.9893,299.1129,2392.7364,0,2708.2079,1158.1348,1611.3986,4.3028,1354.104,1354.104,1354.104,0,1354.104,0,0,0,0,0,1354.104,0,0,1354.104,0,998.1853,0,0,0,0,0,0,0,1354.104,0,0,0,0,0,0,0,0,0,0,2708.2079
2017,7,3,3,0,1,-1,-1,68.332,0,138.947,1220.8385,1985.9549,38493.2033,7722.9414,7498.9962,4051.7093,4945.5754,1329.0179,1774.9622,6.8756,4093.109,439.305,1537.5216,1308.7253,2316.3708,2137.7111,2440.7533,6.8756,6.8756,1088.7671,789.1627,1092.2049,785.7249,778.8492,1081.8914,0,3.4378,1081.8914,3118.8348,2249.1074,782.2871,1088.7671,67.8799,0,3.4378,778.8492,0,3.4378,0,0,0,0,0,3.4378,0,0,0,0,2163.7829,0,0,0,2427.5348,10052.1449,224.0032,1811.1441,1318.7045,178.5823,2026.3583,1905.0059,3.4378,0,0,327.6612,1867.6163,778.8492,3.4378,6.8756,764.6065,600.8336,0,0,1081.8914,0,3.4378,0,0,755.2345,3.4378,0,1081.8914,3.4378,0,2163.7829,0,0,0,0,0,1081.8914,0,0,0,0,0,0,0,0,0,6.8756
2018,7,3,3,0,1,-1,-1,58.186,0,0,3100.251,872.4912,4488.9649,24673.2505,5425.0574,1698.4413,4088.2401,5424.7592,3207.0182,548.8098,2244.4291,918.1675,0,915.2591,915.2591,1830.5183,2370.6031,915.2591,540.0848,540.0848,915.2591,915.2591,2.9083,0,472.0013,0,1830.5183,317.2141,0,0,0,915.2591,0,0,2.9083,0,0,0,0,0,0,0,0,0,0,0,0,0,2.9083,0,0,929.8007,399.5218,918.1675,8227.0479,915.2591,477.818,306.391,1049.0383,1466.4799,1390.1688,915.2591,0,1390.1688,0,915.2591,0,548.3124,0,0,0,0,472.0013,0,2.9083,0,1455.344,0,0,915.2591,0,0,0,0,0,915.2591,0,0,14.5416,0,0,0,0,0,0,0,0,0,0,1830.5183
2019,7,3,3,0,1,-1,-1,1.276,0,0,0,372.8998,0,0,0,0,0,0,0,0,0,0,0,0,0,0,0,0,0,0,0,0,0,0,0,0,0,0,0,0,0,0,0,0,0,0,0,0,0,0,0,0,0,0,0,0,0,0,0,0,0,0,0,372.8998,0,0,0,0,0,0,0,0,0,0,0,0,0,0,0,0,0,0,0,0,0,0,0,0,0,0,0,0,0,0,0,0,0,0,0,0,0,0,0,0,0,0,0,0,0,0
2020,7,3,3,0,1,-1,-1,25.42,0,0,0,0,11629.5883,1192.1765,2736.6073,13671.396,1094.7843,0,1412.0732,1364.3429,2459.1271,0,1412.0732,1094.7843,0,0,4379.1371,180.088,1094.7843,1094.7843,0,1094.7843,0,0,1094.7843,0,0,0,0,317.2889,317.2889,1094.7843,0,0,0,1094.7843,0,0,0,0,0,0,0,0,0,0,0,0,0,0,0,0,97.3922,2773.9218,1192.1765,1094.7843,1094.7843,0,269.5586,0,1192.1765,1094.7843,0,0,0,0,0,0,0,180.088,0,0,0,1094.7843,0,0,0,0,0,0,0,0,0,0,0,0,0,317.2889,0,0,0,0,0,0,0,0,0,0,0,0
2021,7,3,3,0,1,-1,-1,33.594,0,0,1458.806,3666.4914,3984.1582,49496.296,6149.9266,7388.0811,7608.7326,1458.806,0,1458.806,0,0,1458.806,1458.806,0,0,0,1458.806,0,2917.6119,0,0,0,0,0,0,0,1458.806,0,0,0,0,0,0,0,0,0,0,0,0,0,0,0,0,0,0,0,0,0,0,0,1773.5088,0,0,4491.126,629.4057,5005.8235,3232.3147,1773.5088,1458.806,0,0,2917.6119,314.7028,1458.806,0,0,0,0,0,0,0,0,0,0,1458.806,0,0,0,0,1458.806,0,0,0,0,0,0,0,0,0,0,0,0,0,0,0,0,0,0,0
2022,7,3,3,0,1,-1,-1,64.018,0,0,1609.0054,2029.6148,8883.5878,6297.5207,89330.062,9377.5046,8770.1652,6605.4726,2313.5666,430.7644,2011.8746,263.6073,0,0,0,0,555.6121,0,0,0,0,0,0,0,0,0,0,0,0,0,0,0,0,0,0,0,0,0,0,0,0,0,0,0,0,0,0,0,0,0,0,157.7007,830.7503,0,2029.6148,10258.8356,612.5003,1046.6549,1719.6245,0,1116.182,157.7007,0,0,0,0,0,0,0,0,1451.3047,0,0,0,0,0,0,0,0,0,0,0,0,0,0,0,0,0,0,0,0,0,0,0,0,0,0,0,0,0
2023,7,3,3,0,1,-1,-1,96.368,0,0,0,17565.9805,8788.9724,7891.5779,15594.757,108126.8538,14220.4913,7690.3779,6853.3547,4644.4293,1482.4195,2586.7263,1309.1429,1277.5834,0,1170.1126,0,0,0,103.7526,0,0,1170.1126,0,0,0,0,0,0,0,0,0,0,0,0,0,0,0,0,0,0,0,0,0,0,0,0,0,0,0,0,0,7815.2,2942.0168,3202.9942,6412.2233,13742.5131,895.0958,2340.2253,4277.8085,1458.806,2632.6367,1170.1126,1170.1126,565.6806,0,0,0,0,0,1170.1126,0,1170.1126,0,0,0,0,0,0,0,0,0,0,0,0,0,0,0,0,0,0,0,0,0,0,0,0,0,0,0
2024,7,3,3,0,1,-1,-1,55.152,0,0,0,7461.1498,20954.2703,12071.7001,11026.9568,6961.7353,46489.1317,3026.8676,1101.2211,3293.1989,2237.3427,3234.6981,4682.5159,7073.2258,0,1097.733,0,0,0,1097.733,1097.733,0,694.6585,0,0,0,0,694.6585,0,0,0,0,0,0,694.6585,0,0,0,0,0,0,0,0,0,0,0,0,0,0,0,0,0,1792.3915,2540.0396,1097.733,694.6585,3738.1501,7521.6651,1834.2682,4735.5056,1097.733,0,0,1097.733,1097.733,1097.733,0,0,1097.733,0,0,1097.733,0,0,0,0,0,0,0,0,0,0,0,0,0,0,0,0,0,0,0,0,0,0,0,0,0,0,0,0
