#year,month,fleet,sex,partition,age_error,age_low,age_high,input_n,f0,f1,f2,f3,f4,f5,f6,f7,f8,f9,f10,f11,f12,f13,f14,f15,f16,f17,f18,f19,f20,f21,f22,f23,f24,f25,f26,f27,f28,f29,f30,f31,f32,f33,f34,f35,f36,f37,f38,f39,f40,f41,f42,f43,f44,f45,f46,f47,f48,f49,f50,m0,m1,m2,m3,m4,m5,m6,m7,m8,m9,m10,m11,m12,m13,m14,m15,m16,m17,m18,m19,m20,m21,m22,m23,m24,m25,m26,m27,m28,m29,m30,m31,m32,m33,m34,m35,m36,m37,m38,m39,m40,m41,m42,m43,m44,m45,m46,m47,m48,m49,m50
2006,7,4,0,2,1,-1,-1,325,0.777016378,7.480155463,33.05844138,6.184743363,5.77779496,8.78429558,15.37010223,7.907726358,1.856406049,2.636146603,1.425479176,1.927386529,0.72125893,0.445800997,0.22967559,0.269648627,0,0.23712819,0.138211859,0.586045383,0,0.196477643,0.071815966,0.273713682,0.102981385,0.655540546,0.027100365,0,0,0.183485892,0,0.607499839,0,0.035230474,0.044715602,0,0,0.131436768,0.035230474,0.121155054,0,0,0.365008035,0.16802226,0,0.012646837,0.013550182,0.280488773,0,0.006775091,0.853661483,0,0,0,0,0,0,0,0,0,0,0,0,0,0,0,0,0,0,0,0,0,0,0,0,0,0,0,0,0,0,0,0,0,0,0,0,0,0,0,0,0,0,0,0,0,0,0,0,0,0,0
2007,7,4,0,2,1,-1,-1,301,0.275986865,15.09438461,2.181285876,17.91013509,4.904021548,10.79372436,7.62695727,14.90605903,4.618134306,5.02553371,1.696670008,0.825867104,0.201950729,0.226255521,0.079542957,0.67346625,0.26691081,0.134339216,0.394338671,0.086613442,1.513083796,0.482012641,0.924950587,0.552684801,0.154626069,1.322622066,0.438370072,0.026514319,0.475490118,0,0.063634365,0.123733488,0.753006656,0.134023569,0,0.461349148,0.230977732,0.384821178,0,0.206813023,0,0.933304024,0.024746698,0.312868963,0.595688364,0.753006656,0,0,0.037120046,0,1.172374259,0,0,0,0,0,0,0,0,0,0,0,0,0,0,0,0,0,0,0,0,0,0,0,0,0,0,0,0,0,0,0,0,0,0,0,0,0,0,0,0,0,0,0,0,0,0,0,0,0,0,0
2008,7,4,0,2,1,-1,-1,311,3.173135109,3.420654519,23.84832067,2.801977715,2.204800419,1.394471851,9.504855172,7.320522416,13.88973612,5.185704708,3.409755249,2.012674558,2.077552063,0.837110927,0.770140179,0.030440323,0.429453304,1.057040225,1.25109831,1.503751969,2.423050756,0.194818069,0.468780978,0.974091368,0.488372058,0.234390489,0.316583515,2.255122883,0.800580502,0,0.179597907,0,0.925386851,0.447476065,0.05174855,0.77369155,0.073056776,0.952786271,0.197862101,0.922341795,0,0.112629196,0,0,0.136981455,0.18264194,0,0.371371944,0.225258392,0,0.168182786,0,0,0,0,0,0,0,0,0,0,0,0,0,0,0,0,0,0,0,0,0,0,0,0,0,0,0,0,0,0,0,0,0,0,0,0,0,0,0,0,0,0,0,0,0,0,0,0,0,0,0
2009,7,4,0,2,1,-1,-1,588,0.716928661,91.40552116,2.422242326,0.31059999,0.007004617,0.284055639,0.163809228,0.276528607,0.967489665,0.736491836,1.336529529,0.265554022,0.170937225,0.054009281,0.120737472,0.145990958,0.019907858,0,0.051244651,0.048295339,0.030968319,0.00184332,0.007004617,0,0,0,0,0,0,0,0,0.037972396,0.002949312,0.008110609,0,0.00184332,0,0,0.110230547,0.010691257,0,0.02433151,0,0.035023083,0.00184332,0.02801815,0.030230681,0,0,0,0.165061495,0,0,0,0,0,0,0,0,0,0,0,0,0,0,0,0,0,0,0,0,0,0,0,0,0,0,0,0,0,0,0,0,0,0,0,0,0,0,0,0,0,0,0,0,0,0,0,0,0,0,0
2010,7,4,0,2,1,-1,-1,436,0.837164319,2.022765921,88.27378564,4.737845493,0.453092539,0.085981205,0.065430752,0.53800736,0.092563946,0.200109671,0.547011753,0.309280671,0.840777583,0.270805013,0,0.107683192,0,0.015983978,0,0,0.013227878,0,0,0,0,0.018739493,0,0,0.34392482,0,0,0,0,0,0,0,0.18959958,0.030707573,0,0,0,0,0,0,0,0,0,0,0,0,0.005511616,0,0,0,0,0,0,0,0,0,0,0,0,0,0,0,0,0,0,0,0,0,0,0,0,0,0,0,0,0,0,0,0,0,0,0,0,0,0,0,0,0,0,0,0,0,0,0,0,0,0,0
2011,7,4,0,2,1,-1,-1,215,15.08473694,62.81280343,7.188980316,12.33347826,1.135125111,0.027958747,0,0.055917493,0.027958747,0.027958747,0.055917493,0.08387624,0.139793733,0,0,0,0.91365975,0,0,0,0,0,0.027958747,0,0.055917493,0,0,0,0,0,0,0,0.027958747,0,0,0,0,0,0,0,0,0,0,0,0,0,0,0,0,0,0,0,0,0,0,0,0,0,0,0,0,0,0,0,0,0,0,0,0,0,0,0,0,0,0,0,0,0,0,0,0,0,0,0,0,0,0,0,0,0,0,0,0,0,0,0,0,0,0,0,0,0
2012,7,4,0,2,1,-1,-1,185,1.105327561,68.00891185,20.12741528,4.434531866,4.116507795,0.532566916,0.100484324,0.301452971,0,0,0.301452971,0.050242162,0,0,0,0,0.050242162,0,0,0,0,0,0,0,0,0,0,0,0.050242162,0.050242162,0,0,0,0,0,0,0,0,0,0,0,0,0,0,0,0,0,0,0.301452971,0,0.468926844,0,0,0,0,0,0,0,0,0,0,0,0,0,0,0,0,0,0,0,0,0,0,0,0,0,0,0,0,0,0,0,0,0,0,0,0,0,0,0,0,0,0,0,0,0,0,0,0,0,0,0
2013,7,4,0,2,1,-1,-1,245,40.73494638,29.09046368,13.82788283,7.364850882,4.86714623,3.546166928,0.279453372,0.144544848,0,0,0,0,0,0,0.072272424,0,0,0.024090808,0,0,0,0,0,0.048181616,0,0,0,0,0,0,0,0,0,0,0,0,0,0,0,0,0,0,0,0,0,0,0,0,0,0,0,0,0,0,0,0,0,0,0,0,0,0,0,0,0,0,0,0,0,0,0,0,0,0,0,0,0,0,0,0,0,0,0,0,0,0,0,0,0,0,0,0,0,0,0,0,0,0,0,0,0,0
2014,7,4,0,2,1,-1,-1,402,4.552804248,85.59050823,3.747386856,0.756604703,1.285475155,0.664695425,2.159711186,0.715198476,0,0.082812455,0.297371998,0,0,0,0.009410506,0,0,0,0,0,0,0.009410506,0,0,0,0.081557721,0,0,0,0,0,0,0,0,0,0,0,0,0.047052531,0,0,0,0,0,0,0,0,0,0,0,0,0,0,0,0,0,0,0,0,0,0,0,0,0,0,0,0,0,0,0,0,0,0,0,0,0,0,0,0,0,0,0,0,0,0,0,0,0,0,0,0,0,0,0,0,0,0,0,0,0,0,0
2015,7,4,0,2,1,-1,-1,288,1.576368569,35.63377734,52.36549231,6.663473624,0.23177846,1.69038806,0.158712599,0.267101691,0.225626273,0.066775423,0.274843769,0,0,0.086500644,0,0,0,0,0,0,0,0,0,0,0,0,0,0,0,0.014516396,0,0,0,0,0,0,0,0,0.014516396,0,0,0,0,0.014516396,0,0,0,0,0,0,0.715612051,0,0,0,0,0,0,0,0,0,0,0,0,0,0,0,0,0,0,0,0,0,0,0,0,0,0,0,0,0,0,0,0,0,0,0,0,0,0,0,0,0,0,0,0,0,0,0,0,0,0,0
2016,7,4,0,2,1,-1,-1,286,24.27802208,3.724634681,17.19606656,35.17815596,5.754100943,2.16022149,1.516774768,0.878944541,1.448578752,2.391133325,0.230731877,2.934405847,0.739514249,0.01134122,0.010006959,0,0.066045928,0.087017905,0.074051495,0.231494312,0,0,0,0.010006959,0.445309663,0,0,0,0.188130824,0,0,0,0,0,0,0,0,0,0,0,0,0,0,0,0.445309663,0,0,0,0,0,0,0,0,0,0,0,0,0,0,0,0,0,0,0,0,0,0,0,0,0,0,0,0,0,0,0,0,0,0,0,0,0,0,0,0,0,0,0,0,0,0,0,0,0,0,0,0,0,0,0,0,0
2017,7,4,0,2,1,-1,-1,368,4.329006704,76.80764534,6.60358044,4.790428874,2.93455848,3.660135246,0.065650843,0.283293713,0.089837995,0.175727068,0.032084998,0.112544302,0.004936154,0.004936154,0.004936154,0.010859538,0.030604152,0,0.030604152,0,0,0,0,0,0,0,0,0,0.011846769,0,0,0,0,0,0,0,0,0,0,0.004936154,0,0,0,0,0,0,0,0,0,0,0.011846769,0,0,0,0,0,0,0,0,0,0,0,0,0,0,0,0,0,0,0,0,0,0,0,0,0,0,0,0,0,0,0,0,0,0,0,0,0,0,0,0,0,0,0,0,0,0,0,0,0,0,0
2018,7,4,0,2,1,-1,-1,217,0.315974149,2.77135261,71.79893887,6.903020451,1.958836146,7.194608746,4.86316856,0.411740747,0.421531885,0.343936464,2.35698936,0,0.167773885,0,0.146802149,0.154404403,0.014680215,0,0,0,0,0,0,0,0,0,0,0,0,0,0,0.010485868,0,0,0,0,0,0,0,0,0,0,0,0,0,0,0,0,0,0,0.165755497,0,0,0,0,0,0,0,0,0,0,0,0,0,0,0,0,0,0,0,0,0,0,0,0,0,0,0,0,0,0,0,0,0,0,0,0,0,0,0,0,0,0,0,0,0,0,0,0,0,0,0
2019,7,4,0,2,1,-1,-1,494,2.061788183,24.04452498,7.718430139,39.62814231,6.110559361,2.773641301,8.816044379,2.827079791,0.456411142,0.928296395,0.802877152,1.859010843,0.703453117,0.120788202,0.103661517,0.027042135,0.443491011,0,0.004507022,0,0.02614073,0,0.086534831,0,0,0,0,0,0.126760007,0.068506742,0,0,0,0,0,0,0,0,0,0,0,0,0,0,0,0,0,0,0,0,0.262308708,0,0,0,0,0,0,0,0,0,0,0,0,0,0,0,0,0,0,0,0,0,0,0,0,0,0,0,0,0,0,0,0,0,0,0,0,0,0,0,0,0,0,0,0,0,0,0,0,0,0,0
2020,7,4,0,2,1,-1,-1,567,4.653699364,40.65175604,11.54902761,13.75415102,3.54658177,8.384630356,4.314936431,3.146717297,1.488582673,1.164734606,3.234045315,0.922451231,1.14885517,0.639137326,0.354891893,0.110583813,0.016658943,0,0,0,0.087521428,0.007288288,0.277388761,0.018220719,0.01041184,0.07748144,0.152012859,0,0,0,0.043382665,0.022645751,0,0.133791512,0,0,0,0,0,0,0,0,0,0.07748144,0,0.004164736,0,0,0,0,0.006767696,0,0,0,0,0,0,0,0,0,0,0,0,0,0,0,0,0,0,0,0,0,0,0,0,0,0,0,0,0,0,0,0,0,0,0,0,0,0,0,0,0,0,0,0,0,0,0,0,0,0,0
2021,7,4,0,2,1,-1,-1,710,3.581782169,57.43527813,23.07260472,4.155785752,2.153137978,4.311331121,0.925537312,0.326640653,0.553332555,0.852114904,1.317817708,0.284149438,0.118369798,0.517410558,0.086777111,0.145365056,0.021548506,0,0.022829768,0,0,0,0,0,0,0,0.006522791,0,0,0,0,0,0,0,0,0,0,0,0,0,0,0,0,0.022829768,0,0,0,0,0,0,0.088834201,0,0,0,0,0,0,0,0,0,0,0,0,0,0,0,0,0,0,0,0,0,0,0,0,0,0,0,0,0,0,0,0,0,0,0,0,0,0,0,0,0,0,0,0,0,0,0,0,0,0,0
2022,7,4,0,2,1,-1,-1,826,5.73304482,33.74019001,43.83373073,9.167778306,0.875695114,0.395712841,2.868820608,0.357901128,0.506188028,0.225610125,0.842331258,0.320132139,0.401007079,0.499064762,0.131006813,0.015788089,0.015499283,0,0.002647393,0,0.011455992,0,0.00370635,0,0.052689138,0,0,0,0,0,0,0,0,0,0,0,0,0,0,0,0,0,0,0,0,0,0,0,0,0,0,0,0,0,0,0,0,0,0,0,0,0,0,0,0,0,0,0,0,0,0,0,0,0,0,0,0,0,0,0,0,0,0,0,0,0,0,0,0,0,0,0,0,0,0,0,0,0,0,0,0,0
2023,7,4,0,2,1,-1,-1,791,6.69278277,1.954677958,42.42971572,32.11396281,4.588571288,1.072729532,1.640847992,2.628572415,0.752701082,1.337277886,1.301453559,0.703608336,0.14721289,0.453943388,0.211324197,0.542144561,0.130558106,0.169311665,0.329311189,0,0.366808743,0,0.024268005,0.002539675,0.005643722,0,0,0.173826643,0,0,0,0,0,0,0,0,0,0,0,0,0.113102934,0,0,0,0,0,0,0,0,0,0.113102934,0,0,0,0,0,0,0,0,0,0,0,0,0,0,0,0,0,0,0,0,0,0,0,0,0,0,0,0,0,0,0,0,0,0,0,0,0,0,0,0,0,0,0,0,0,0,0,0,0,0,0
2006,7,5,0,2,1,-1,-1,97,0.073850618,0.585881571,14.40078028,4.848450788,6.867913511,12.82565669,16.41264807,10.03018424,3.726685022,2.544153798,3.862387334,3.205116832,1.646868787,0.812356801,0.24370704,0.509569266,0.73142004,0.785278241,0.08123568,1.351471743,1.01175347,0.103390866,0,0.164237446,0.413563462,0.273247287,0,0.73142004,0.088620742,0.347097906,0.413563462,0.609267601,0,0,0.066465556,0.118160989,0.416025149,0.236321978,0,0.664954483,0,0.221551855,0.088620742,0.110775927,0.900977543,0.418834422,1.469926222,0.841897048,1.681022897,0.620345193,2.442341362,0,0,0,0,0,0,0,0,0,0,0,0,0,0,0,0,0,0,0,0,0,0,0,0,0,0,0,0,0,0,0,0,0,0,0,0,0,0,0,0,0,0,0,0,0,0,0,0,0,0,0
2007,7,5,0,2,1,-1,-1,218,0,1.645259422,0.858778523,18.37153127,4.215172071,9.16571114,8.776289922,17.19815999,8.077979605,4.183735585,1.682385229,1.58941028,0.699039855,0.395682937,0.624299745,0.197492542,0.319758734,0.513203726,0.580334974,0.700505348,0.087929542,1.150204405,0.973577927,5.752643708,0.079136587,0.95591973,0.997930511,2.039476867,0.096722496,0.076205603,0.944756578,0.136779287,0,1.431578938,0.128963328,0.140687267,0.530508234,0.225685823,0.093791511,1.0932573,0,0.199306961,0.140198769,0.216892869,0.184652037,0.04982674,0.020516893,0.102584465,0.423527292,0.624299745,1.307707682,0,0,0,0,0,0,0,0,0,0,0,0,0,0,0,0,0,0,0,0,0,0,0,0,0,0,0,0,0,0,0,0,0,0,0,0,0,0,0,0,0,0,0,0,0,0,0,0,0,0,0
2008,7,5,0,2,1,-1,-1,258,0.010182515,0.202801766,3.781901595,1.501752038,4.019447283,1.587936732,7.184529733,10.31868914,16.62026684,9.176415641,5.715367832,2.901252815,3.09439875,2.448570113,0.698313178,0.612862036,2.163424097,2.023303837,3.21353628,2.059054035,1.315057607,0.781448643,0.6833704,1.252619087,0.951208175,1.185742674,0.977486054,1.308850742,0.104371903,1.15364412,0.50632676,0.020365031,0.057022087,0.543480143,0.814071773,0.312654204,0.193319059,1.173013926,0.800212906,0.260799677,0.087569633,1.050572637,1.01276232,0.620087519,0.396303502,0.333858852,0.668733537,0.530509056,0.218924435,0,1.351607279,0,0,0,0,0,0,0,0,0,0,0,0,0,0,0,0,0,0,0,0,0,0,0,0,0,0,0,0,0,0,0,0,0,0,0,0,0,0,0,0,0,0,0,0,0,0,0,0,0,0,0
2009,7,5,0,2,1,-1,-1,111,0,38.33882392,3.910381675,2.550291772,0.255303697,2.70402303,0.417270559,6.680904279,5.755771527,12.74505339,12.12280782,0.797938437,0.230596888,0.197654475,0.109808042,0.417270559,1.771569742,0,0.054904021,1.464107225,0.406289755,0.109808042,0,0.505116992,0,0,0,0,0,0,0,0.362366538,0.109808042,0.197654475,0.054904021,0,0,0.153731259,0,3.469934122,0,0,0,0.600283962,1.595876875,0.054904021,0.141835387,0,0.395308951,0,1.317696502,0,0,0,0,0,0,0,0,0,0,0,0,0,0,0,0,0,0,0,0,0,0,0,0,0,0,0,0,0,0,0,0,0,0,0,0,0,0,0,0,0,0,0,0,0,0,0,0,0,0,0
2010,7,5,0,2,1,-1,-1,573,0.220683347,1.030491022,66.17877423,5.502984615,0.849603526,0.556703689,1.592513066,2.209708151,1.280086975,3.272489368,3.681667937,3.565525998,0.978165988,0.802006816,0.195006719,0.386436019,0.352318806,0.360580718,0.035972533,0.03063838,0.578422823,0.514673751,0.028230821,0.258835862,0.350571162,0.14748841,0.209249227,0.438269615,0.353528097,0.035101979,0.256440216,0.601616289,0.32041441,0.041177487,0.071201191,0.141465016,0.121255728,0,0.193425112,0.123271169,0.020209288,0.07719948,0.192796608,0.331336867,0.189791901,0.075178552,0.005658601,0.038867085,0.057379869,0.162766214,0.981819263,0,0,0,0,0,0,0,0,0,0,0,0,0,0,0,0,0,0,0,0,0,0,0,0,0,0,0,0,0,0,0,0,0,0,0,0,0,0,0,0,0,0,0,0,0,0,0,0,0,0,0
2011,7,5,0,2,1,-1,-1,439,0,3.806512205,6.470321634,57.40144023,6.84228225,1.68593141,1.095955315,1.904629477,3.06213884,2.459130524,1.455016754,2.242095847,1.518474732,1.958660338,0.770586948,0.75306506,0.125062662,0.226949377,0.787316981,0.620503209,0.154360559,0.033670717,0.249250761,0.355012851,0.092766635,0.131621893,0.04722646,0.145614918,0.084395433,0,0.399238499,0.071276972,0.13794864,0.013118461,0.052911126,0.013993025,0,0,0.206834403,0.217329172,0.078273484,0,0.138181123,0.09882574,0.009620205,0.212956352,0.277236811,0,0.058158511,0.10101215,1.433091307,0,0,0,0,0,0,0,0,0,0,0,0,0,0,0,0,0,0,0,0,0,0,0,0,0,0,0,0,0,0,0,0,0,0,0,0,0,0,0,0,0,0,0,0,0,0,0,0,0,0,0
2012,7,5,0,2,1,-1,-1,538,0.034046267,1.178076191,23.33020354,10.00548489,32.04112086,9.042387711,3.654375401,1.679572296,1.842414261,0.591707982,1.560359119,2.519006278,2.615471605,1.632945003,0.778014714,2.137533842,0.440687344,0.108520599,0,0,0.321834849,0.151316741,0.278343981,0.270058351,0.200242488,0.556494647,0,0.027215997,0.357996536,0.002495675,0.205171597,0.258442321,0.009247134,0.11874161,0.083224208,0,0,0,0,0,0,0.090101611,0,0,0,0.235608367,0.018389187,0,0.28346074,0.225076597,1.114609463,0,0,0,0,0,0,0,0,0,0,0,0,0,0,0,0,0,0,0,0,0,0,0,0,0,0,0,0,0,0,0,0,0,0,0,0,0,0,0,0,0,0,0,0,0,0,0,0,0,0,0
2013,7,5,0,2,1,-1,-1,216,0.042810885,0.040242232,6.463991913,27.24545088,17.22345159,19.88165786,4.686476115,2.800264318,0.309269493,0.412631917,1.69658388,2.723205312,3.448823773,2.748287568,4.005041928,0.684796217,0.317005671,0.375448775,1.007987297,0.064994707,0.714519207,0.126720219,0.15203452,0.118158042,0.138707266,0.102990757,0,0,0.171881131,0,0.079628245,0,0,0.165250015,0.091615293,0.242222784,0.105178109,0.012843265,0,0,0.012843265,0,0,0.024830313,0,0.216767694,0,0,0,0,1.345387538,0,0,0,0,0,0,0,0,0,0,0,0,0,0,0,0,0,0,0,0,0,0,0,0,0,0,0,0,0,0,0,0,0,0,0,0,0,0,0,0,0,0,0,0,0,0,0,0,0,0,0
2014,7,5,0,2,1,-1,-1,173,0.013997701,6.922401434,3.141945463,8.182351344,17.5903988,12.37737723,18.09882509,11.39410585,3.597409114,1.437456201,0.972301835,1.077822964,1.036547692,0.684810595,1.441763186,0.705268773,1.709872994,2.570193222,0.758029337,1.177960362,0,0,0.352096013,0,0.441465949,0.072141997,0,0.530835885,0.333791328,0,0,0.005383731,0,0,0,0.244421391,0.013997701,0.770950292,0,0,0,0,0,0,0,0,0,0,0,0,2.344076516,0,0,0,0,0,0,0,0,0,0,0,0,0,0,0,0,0,0,0,0,0,0,0,0,0,0,0,0,0,0,0,0,0,0,0,0,0,0,0,0,0,0,0,0,0,0,0,0,0,0,0
2015,7,5,0,2,1,-1,-1,498,0.168602292,1.258757262,28.66952153,9.725865398,8.322382194,12.48784067,6.914015835,7.57693749,3.713958803,1.556944129,0.722509478,0.304008785,0.888799874,1.204904124,0.213911271,2.135616788,0.656756326,0.642596553,1.291175731,0.264780895,0.842113729,0.358561317,0.488175512,0.019006864,0.248230425,0.248633896,0.48825357,0.256244262,0.46199565,0.494958095,0.46994013,0.094202194,0.214873121,0.215581234,0.407135173,0.497143645,0.203278892,0.025545802,0.995937699,0.00747682,0,0.482589267,0.019813573,0.169863178,0.061666454,0,0.010841389,0.051590058,0,0.016199777,3.430262846,0,0,0,0,0,0,0,0,0,0,0,0,0,0,0,0,0,0,0,0,0,0,0,0,0,0,0,0,0,0,0,0,0,0,0,0,0,0,0,0,0,0,0,0,0,0,0,0,0,0,0
2016,7,5,0,2,1,-1,-1,409,0.173289776,2.015215114,9.726399707,36.15090957,9.030842722,4.753952099,8.172333022,3.545170655,5.516048612,3.908433039,0.712262355,1.224259102,1.362434696,1.211023382,1.372072611,1.627380426,0.974079851,1.382432828,1.037731081,1.252496188,0.149230527,0.128086415,0.347636191,0,0.379786074,0.240407576,0.363989477,0,0.078935522,0,0.156009254,0,0.05945117,0.217378758,0,0.004611111,0.12100622,0,0,0.091261571,0,0.063372062,0.291268508,0,0.482854244,0.060969134,0,0,0.185016635,0.202332185,1.227630529,0,0,0,0,0,0,0,0,0,0,0,0,0,0,0,0,0,0,0,0,0,0,0,0,0,0,0,0,0,0,0,0,0,0,0,0,0,0,0,0,0,0,0,0,0,0,0,0,0,0,0
2017,7,5,0,2,1,-1,-1,369,0,1.10843156,3.325434813,15.19455791,27.74064514,7.833692881,4.831060013,5.048267304,5.656816803,3.896278833,3.678209413,2.674359545,1.491216367,1.509232283,1.053090086,2.263213306,1.121428304,0.686731797,0.844571018,0.482783662,0.80225431,0.822451828,0.223517327,0.5420546,0.411319019,0.019892964,0.080081932,0.391092746,0.907736701,0.457113106,0.019836631,0.223413287,0.302258217,0.130685086,0.074471096,0.016800898,0.306555674,0,0.048265535,0.005610836,0,0.696362007,0.00255038,0,0,0.224943515,0.015275718,0.388361417,0.059678892,0.004080608,2.383314634,0,0,0,0,0,0,0,0,0,0,0,0,0,0,0,0,0,0,0,0,0,0,0,0,0,0,0,0,0,0,0,0,0,0,0,0,0,0,0,0,0,0,0,0,0,0,0,0,0,0,0
2018,7,5,0,2,1,-1,-1,499,0.146758467,0.287118646,17.09251283,6.583696402,10.27850933,16.41873892,7.708503961,7.956169116,4.437054542,4.130589139,4.315836835,1.621198812,1.972603639,0.869929219,0.386212091,1.450702823,1.266580514,1.214163306,0.682744776,1.108801598,1.461213294,0.57102704,0.173756498,0.364400625,0,0.404972562,0.049580059,1.159539238,0.778424798,0.101853835,0.080205555,0.079383378,0.493457754,0.086993229,0.134921013,0.24553444,0.048047244,0,0.201305861,0.083119542,0.293160944,0,0,0.006060822,0.38222318,0.13288512,0.042692679,0.087784217,0.20921709,0.040694088,2.359120935,0,0,0,0,0,0,0,0,0,0,0,0,0,0,0,0,0,0,0,0,0,0,0,0,0,0,0,0,0,0,0,0,0,0,0,0,0,0,0,0,0,0,0,0,0,0,0,0,0,0,0
2019,7,5,0,2,1,-1,-1,484,0.152736135,1.525034513,1.630236305,32.04329993,7.779189377,6.749457313,15.15333995,4.198303815,5.806739007,4.694040553,1.884040129,3.448183567,0.968346318,0.323448992,0.794818492,1.225094311,1.441486039,0.153729471,0.788972466,2.267436456,0.384764114,0.77419155,0.035802664,0.283245418,0.415964461,0.665413644,0.154049994,0.052554369,0.765935726,0.036456762,0.036131129,0.212287276,0.157878374,0.355313537,0,0.202005856,0,0.228173553,0.012810127,0.128101275,0.01708017,0.035802664,0,0,0,0,0,0.248647859,0,0.352633131,1.416823207,0,0,0,0,0,0,0,0,0,0,0,0,0,0,0,0,0,0,0,0,0,0,0,0,0,0,0,0,0,0,0,0,0,0,0,0,0,0,0,0,0,0,0,0,0,0,0,0,0,0,0
2020,7,5,0,2,1,-1,-1,92,0,1.924967863,2.931424715,10.63842482,5.823486886,19.20830147,16.38039714,3.595628898,2.755997945,3.455845376,2.477050785,1.867086327,2.756617828,4.196295117,2.410103466,1.492057367,0.78849064,0.546736434,0.528139957,0.371929547,2.306583076,0.159929705,1.599297053,1.485238659,0.427718979,1.368700734,0.171087592,1.06495827,0.427718979,0,0,0,0,2.350594739,0,0.178526183,0,0,0,0.587648685,0.331017297,0,0.308701524,0.245473501,0,0.401683911,0,0,0,0.327298002,2.108840533,0,0,0,0,0,0,0,0,0,0,0,0,0,0,0,0,0,0,0,0,0,0,0,0,0,0,0,0,0,0,0,0,0,0,0,0,0,0,0,0,0,0,0,0,0,0,0,0,0,0,0
2021,7,5,0,2,1,-1,-1,238,0.041365934,5.085476589,4.621638638,2.963147973,2.59751057,25.47429167,8.057736283,4.243636195,4.079048402,3.537133037,3.760791782,5.425312103,5.616167124,2.710304731,0.964431308,1.110568705,1.730806467,0.559223635,0.949088537,0.271833283,0.50865333,2.709179434,2.295400355,1.964549615,0.386261127,1.266297143,0.514915188,0.400468727,0.914637576,0.169224277,0.020951577,0.391633327,0.038142615,0.325399699,0.14343772,0.203069132,0.025249337,0.751033457,0.029547096,0.273793071,0,0.004834979,0.135379422,0.348655732,0.523789428,0.197691742,0,0,0,0,1.658291929,0,0,0,0,0,0,0,0,0,0,0,0,0,0,0,0,0,0,0,0,0,0,0,0,0,0,0,0,0,0,0,0,0,0,0,0,0,0,0,0,0,0,0,0,0,0,0,0,0,0,0
2022,7,5,0,2,1,-1,-1,270,0,2.440221892,21.41193519,7.102445226,3.836513659,3.034885997,20.82685968,4.538289915,2.832673493,3.537807316,1.537660511,3.462972104,3.008982131,2.88523344,1.83273778,0.994904705,0.738557256,0.822236784,1.5249945,0.878225871,1.457907621,0.816710703,0.81531219,1.166415151,0.423428723,0.457144623,0.404523383,0.062187447,0.928458439,0,0,0,0.479654481,0.202267742,0.501453401,0.292891368,0.109774363,0.089779553,0.494008261,0,0,0.205020187,0.055608195,0,0.148618985,0.312018755,0,0.790122947,0.127078696,0,2.411477341,0,0,0,0,0,0,0,0,0,0,0,0,0,0,0,0,0,0,0,0,0,0,0,0,0,0,0,0,0,0,0,0,0,0,0,0,0,0,0,0,0,0,0,0,0,0,0,0,0,0,0
2023,7,5,0,2,1,-1,-1,336,1.421044301,0.533368262,11.51587745,19.34895926,5.962854788,5.05123964,5.90877874,13.43779478,3.662797256,2.969840761,1.942896798,3.372784913,2.992956468,1.594702731,1.882629103,2.929835205,2.068865398,1.780791158,0.920886826,1.043719267,0.858007816,1.054085012,0.879389532,0.589129956,0.760119771,0.340566601,0.397907592,0.405271099,0.15623769,0.044661885,0.132565313,0.019253534,0.156851844,0.021462955,0.051846659,0.255718152,0.696036151,0,0.268602574,0.061942721,0.128462101,0.298587585,0.238933195,0.135053415,0.146768739,0,0.082064241,0.12467452,0,0.10415846,1.249017787,0,0,0,0,0,0,0,0,0,0,0,0,0,0,0,0,0,0,0,0,0,0,0,0,0,0,0,0,0,0,0,0,0,0,0,0,0,0,0,0,0,0,0,0,0,0,0,0,0,0,0
2006,7,6,0,2,1,-1,-1,130,23.95234226,8.926688323,4.87709883,2.31817341,8.705783634,8.788967826,17.23501708,4.726545562,3.684523315,0.837859227,1.440270075,0.717270434,1.860384994,1.72229926,0.11847843,0.045732861,0.291887063,0.853551251,0.620252871,0.519902174,0.133206152,0.625154777,0.936711273,0.159335707,0.050655861,1.277653373,0,0,0,0.113694265,0.054032918,0,0.12832818,0.053068044,0.337705737,0,0.074295262,1.005447291,0,0.071079017,0,0.072043891,0.248801692,0,0.031519202,0.332126375,0.10694015,0.806407121,0.314066336,0.103620453,0.721078049,0,0,0,0,0,0,0,0,0,0,0,0,0,0,0,0,0,0,0,0,0,0,0,0,0,0,0,0,0,0,0,0,0,0,0,0,0,0,0,0,0,0,0,0,0,0,0,0,0,0,0
2007,7,6,0,2,1,-1,-1,135,3.853957081,0.738841513,3.086701708,16.76069809,4.893528676,11.97230384,11.7195359,15.72963579,5.759661339,4.868807414,1.694717067,0.934602939,1.619650965,0.099294857,1.139338642,0.158897253,0.119812137,0.214169681,0.436224785,0.442469784,0,0.380940722,0.52714085,1.168278056,0.136964298,1.963075787,0.661680167,0.263688674,0.245329614,0.089091076,0.641558154,0.206520612,0.055297909,1.84785827,0.694295975,1.978436317,0.064514228,0.740189545,0.032257114,0.121067932,0,0,0.181254259,0.091909813,0.135172668,0.175110047,0.203526596,0.444138765,0.169320208,0,0.538532882,0,0,0,0,0,0,0,0,0,0,0,0,0,0,0,0,0,0,0,0,0,0,0,0,0,0,0,0,0,0,0,0,0,0,0,0,0,0,0,0,0,0,0,0,0,0,0,0,0,0,0
2008,7,6,0,2,1,-1,-1,180,0,0,1.122763522,0.41950192,2.971004189,2.713558019,7.024050928,10.73815046,15.15080817,5.469983665,5.320190347,2.060805427,3.445907212,2.632559526,2.202548265,3.194575351,2.115400434,1.476445074,2.610358131,1.366853175,0.984468096,3.014519445,0.339108103,3.802266851,1.183715385,2.39184295,0.766337451,1.722635578,1.230026758,0.961022398,0.467705053,0.254516118,0.029506007,0.74587235,1.518312957,0.645236758,0.29462487,1.65101574,0.275006702,0.143836355,0.408779822,1.015080451,0.102979197,0.596821439,0.022176876,1.533733546,0.271233395,1.264760917,0,0,0.327394614,0,0,0,0,0,0,0,0,0,0,0,0,0,0,0,0,0,0,0,0,0,0,0,0,0,0,0,0,0,0,0,0,0,0,0,0,0,0,0,0,0,0,0,0,0,0,0,0,0,0,0
2009,7,6,0,2,1,-1,-1,101,0,4.725566835,1.823632931,7.557267235,2.711357979,7.528518369,2.857825091,9.762196076,5.471120167,10.79789195,19.99357301,3.598058069,1.101077956,1.652904242,1.566852432,2.406574988,0.458281861,0.774101571,0.372461288,2.342070951,0.51292096,0.73805693,0.087250916,0,1.534042748,0.132163683,1.084772047,0.748355399,0.25746172,0.836464521,0.644606411,0.640793614,0.758653868,0.350147939,0.04634311,0,0,0.186659747,0.741489753,0,0,0,0,0.092494056,0.217984256,0.734624108,1.259846016,0,0,0.051492344,0.842042858,0,0,0,0,0,0,0,0,0,0,0,0,0,0,0,0,0,0,0,0,0,0,0,0,0,0,0,0,0,0,0,0,0,0,0,0,0,0,0,0,0,0,0,0,0,0,0,0,0,0,0
2010,7,6,0,2,1,-1,-1,230,0,0.261749967,59.46422617,5.143295356,0.811360643,0.969245951,0.692372819,2.68392523,1.481134577,3.482296494,6.930853701,4.811750688,2.284224247,1.954112732,0.917563366,0.519405721,0.935586248,0.063082481,0.040828789,0.087015225,0.10076812,1.187507231,0.004096265,0.075371277,0.104675326,0.045624816,1.141558349,0.757840958,0.702029111,0.225734521,0.01638506,0.018842819,0.047516674,0,0,0.150301748,0,0,0.035637506,0.027979277,0,0,0.519406405,0,0.580216044,0,0,0.05352453,0.004915518,0.004915518,0.661122524,0,0,0,0,0,0,0,0,0,0,0,0,0,0,0,0,0,0,0,0,0,0,0,0,0,0,0,0,0,0,0,0,0,0,0,0,0,0,0,0,0,0,0,0,0,0,0,0,0,0,0
2011,7,6,0,2,1,-1,-1,227,0,3.407107313,7.607179354,51.94268127,5.576978379,3.59192433,1.496182798,2.125429749,2.656019366,1.977380106,2.300465255,4.176711476,3.242005907,1.25441745,0.947135476,1.140523671,0.533086813,0.186810773,0.057238435,0.372148671,0.17602814,0.349674259,0.261318988,0.267696047,0.073427167,0.003969067,0.093273084,0.173490339,0.122776485,0.023152893,0.099623592,0.12185037,0.037606678,0.72141954,0.007938135,0.497865383,0,0,0.210354267,0.077396234,0.346414216,0,0.003969067,0.221077055,0.153999816,0.061520545,0.211029047,0.274755442,0.219516591,0.073427167,0.52400379,0,0,0,0,0,0,0,0,0,0,0,0,0,0,0,0,0,0,0,0,0,0,0,0,0,0,0,0,0,0,0,0,0,0,0,0,0,0,0,0,0,0,0,0,0,0,0,0,0,0,0
2012,7,6,0,2,1,-1,-1,205,0,0.16090937,26.835239,12.40433998,34.6105522,6.563686319,4.198969383,1.092105392,3.25119598,1.590698668,0.147393098,0.538467693,3.603894263,1.429746415,0.207348478,0.778369081,0.184035515,0.006396956,0,0,0.177484972,0.047075038,0.029389722,0.01377806,0.008857324,0.023619531,0,0.004352958,0.054128093,0.104319597,0.188715587,0,0,0.023619531,0,0.021159163,0,0,0.021159163,0,0.002460368,0.009273694,0.012301839,0,0,1.045991839,0,0,0.176586639,0.082176286,0.350202795,0,0,0,0,0,0,0,0,0,0,0,0,0,0,0,0,0,0,0,0,0,0,0,0,0,0,0,0,0,0,0,0,0,0,0,0,0,0,0,0,0,0,0,0,0,0,0,0,0,0,0
2013,7,6,0,2,1,-1,-1,90,0,0.015066153,9.138642402,37.07134438,14.84965205,17.10725183,5.864155196,1.322602918,0.540700565,1.131238719,0.967443768,1.496057781,1.212796022,1.310565511,2.19539234,0,0.020544754,1.14507057,0.212249595,0.008370085,0.231576882,0.085679232,0.013696503,1.287984855,0.1112156,0,0.124912103,0,0.127377473,0.122172802,0.264342498,0,0.013696503,0,0.006848251,0.084689131,0.143813276,0.004108951,0,0,0,0.021305671,0,0,0,0.021305671,0,0,0,0,1.726129962,0,0,0,0,0,0,0,0,0,0,0,0,0,0,0,0,0,0,0,0,0,0,0,0,0,0,0,0,0,0,0,0,0,0,0,0,0,0,0,0,0,0,0,0,0,0,0,0,0,0,0
2014,7,6,0,2,1,-1,-1,184,0,3.407636427,0.889980613,11.35727227,11.37677281,8.495148762,13.18214807,13.23701775,7.654807656,5.638572138,0.16603364,3.159659422,0.996956021,0.40785681,2.561453299,2.332305631,5.612460456,3.167903247,1.03380174,0.385449349,0.051699098,0.029826402,0.07449144,0,0.058981711,0,0,1.010860266,0.106629389,0,0,0.033482542,0.00596528,0.160764309,0,0.622454569,0,0.071961808,0,0,0,1.426041264,0.028633346,0,0,0.26111543,0.252927893,0,0,0.008351393,0.732577746,0,0,0,0,0,0,0,0,0,0,0,0,0,0,0,0,0,0,0,0,0,0,0,0,0,0,0,0,0,0,0,0,0,0,0,0,0,0,0,0,0,0,0,0,0,0,0,0,0,0,0
2015,7,6,0,2,1,-1,-1,348,0,1.101005583,28.63848785,11.77215824,6.707495478,13.37181445,5.30620572,9.784372608,4.48606496,2.91965074,0.955100438,0.333957255,0.745179773,1.557151753,0.268296349,1.533129562,0.46620227,0.679195309,0.629161405,0.209173535,0.474889457,0.213850087,0.19355476,0.648216347,0.001733452,0.217391553,0.077549034,0.170812253,0.107742305,0.076913386,0.09026199,0.083905512,0.200819307,0.048627058,0.023201145,0.494261581,0.170035791,0.330854688,0.407326212,0.052123121,0,1.046968749,0.053133388,0.102259842,0.176021474,0,0.07723121,0.00158912,0,0.099108089,2.895815818,0,0,0,0,0,0,0,0,0,0,0,0,0,0,0,0,0,0,0,0,0,0,0,0,0,0,0,0,0,0,0,0,0,0,0,0,0,0,0,0,0,0,0,0,0,0,0,0,0,0,0
2016,7,6,0,2,1,-1,-1,474,0.02958214,0.507884073,4.673195271,38.46540891,8.672167486,6.228581197,7.790934593,4.588808577,6.644659465,4.577075074,0.766625862,0.976853566,0.995047543,0.876840106,1.65290587,1.678715457,1.408287059,0.811365942,0.803028986,1.854497132,0.271685588,0.285387393,0.180817967,0.121090812,0.473524455,0.262111523,0.084274702,0.050564821,0.394595832,0.184578422,0.128303934,0.076019221,0.22461788,0.190220042,0.081293556,0.102244054,0.428004839,0.008022922,0.019262789,0,0,0,0.139002699,0,0.223189092,0.121768345,0,0,0.094250075,0.046093102,1.806611622,0,0,0,0,0,0,0,0,0,0,0,0,0,0,0,0,0,0,0,0,0,0,0,0,0,0,0,0,0,0,0,0,0,0,0,0,0,0,0,0,0,0,0,0,0,0,0,0,0,0,0
2017,7,6,0,2,1,-1,-1,142,0,0.289119824,1.347998159,13.84496146,34.90894918,9.047275169,7.008044135,4.362857813,4.725800398,1.87083703,1.64632562,2.34242303,0.324346404,1.919992446,1.069006737,3.201949211,0.813955172,1.14543013,1.377541999,0.040513606,0.090234849,0.401453004,0.35909787,0.334631861,1.379225213,0.018415275,0,0.121540818,0.228349415,0,0.141797621,0.049721244,0.211775667,0.049721244,0,0.322267319,0,0,0.672157552,1.469708536,0,0.677682135,0,0,0,0.149163731,0,0.181220246,0.366385067,0.009207638,1.478916174,0,0,0,0,0,0,0,0,0,0,0,0,0,0,0,0,0,0,0,0,0,0,0,0,0,0,0,0,0,0,0,0,0,0,0,0,0,0,0,0,0,0,0,0,0,0,0,0,0,0,0
2018,7,6,0,2,1,-1,-1,337,0,0.141576395,23.54974404,6.76392726,9.567272336,17.5946313,7.421670022,6.455990113,3.778030043,3.697961858,4.133215907,1.433418561,0.781216511,0.50179835,2.007193399,0.997145976,1.45464269,0.765259459,1.311194335,0.538465618,1.021590822,0.390438499,0.057037972,0.624984526,0.052963831,0.15821247,0.007469258,0.310148619,0.03327215,0.278739137,0.014599005,0.125279832,0.478711552,0.024444845,0.030556056,0.155835888,0.04888969,0.044476038,0.240034799,0.008148282,0,0,0,0,0.123921785,0.15821247,0.066883813,0,0.083180376,0,2.567614109,0,0,0,0,0,0,0,0,0,0,0,0,0,0,0,0,0,0,0,0,0,0,0,0,0,0,0,0,0,0,0,0,0,0,0,0,0,0,0,0,0,0,0,0,0,0,0,0,0,0,0
2019,7,6,0,2,1,-1,-1,431,0,0.344647801,1.487374888,28.31342448,5.651464554,7.24879682,18.31756138,4.516427304,5.756117521,3.96021803,2.220373584,2.794923618,1.352739545,0.801836667,0.936336196,0.953399792,1.237906042,0.190434804,1.28303591,1.685170176,1.161745467,1.03811393,0.191482263,0.313516869,0.034059312,0.516214008,0.289301418,0.339782185,0.534125688,0.334916569,0.28889595,0.268825284,0.509673277,0.594270108,0,0.040952268,0.072578772,0.087581088,0.158537988,0.453786271,0.15948408,0,0,0,0,0,0,0.18437531,0,0.444933553,2.930659225,0,0,0,0,0,0,0,0,0,0,0,0,0,0,0,0,0,0,0,0,0,0,0,0,0,0,0,0,0,0,0,0,0,0,0,0,0,0,0,0,0,0,0,0,0,0,0,0,0,0,0
2020,7,6,0,2,1,-1,-1,289,0,0.212373079,1.959003152,12.27807235,4.948119896,24.0221327,9.93681766,6.132629333,6.82524258,5.042878428,3.034903639,4.04254135,3.074792843,1.310526571,2.058264482,1.178116573,2.388550789,0.261495896,0.478301109,1.533887649,1.190766622,1.014219958,0.757894885,0.363804318,0.221606691,0.615327913,0.623453492,0.361218907,0.611634468,0.149215172,0.076823653,0.178393387,0.026962147,0.511911457,0,0.361218907,0.051708228,0.218282591,0.138504182,0.353462673,0.00738689,0.018467224,0.052077572,0.167313052,0.044690683,0.100831045,0,0.05355495,0,0.149953861,0.860664988,0,0,0,0,0,0,0,0,0,0,0,0,0,0,0,0,0,0,0,0,0,0,0,0,0,0,0,0,0,0,0,0,0,0,0,0,0,0,0,0,0,0,0,0,0,0,0,0,0,0,0
2021,7,6,0,2,1,-1,-1,198,0.010196143,1.973454159,7.350320285,6.035829745,6.551942412,31.07203793,8.560497037,6.401653338,2.959969713,4.388836263,5.827220158,4.365096436,3.245750153,3.855286232,1.358781766,1.546924888,0.934868441,0.285783333,0.237570141,0.48446247,0.164157909,0.168236366,0.461593977,0.030679467,0.010196143,0.106030646,0.043333609,0.14489448,0.032773318,0,0,0.027675246,0,0.325256974,0,0.023305471,0,0,0.023791001,0.122736076,0,0,0,0.691298522,0,0,0,0,0,0,0.177559754,0,0,0,0,0,0,0,0,0,0,0,0,0,0,0,0,0,0,0,0,0,0,0,0,0,0,0,0,0,0,0,0,0,0,0,0,0,0,0,0,0,0,0,0,0,0,0,0,0,0,0
2022,7,6,0,2,1,-1,-1,311,0,0.24901436,16.41759918,14.31614941,4.332498829,4.403807605,20.35524632,5.050956739,2.943818808,2.809334612,3.292210095,2.791286936,4.153634629,2.537472461,1.423714165,0.682457226,1.440767794,1.209526654,1.278641229,1.805459899,0.886355023,1.052361307,0.07838843,0.722034078,0.489501905,0.320545483,0.238526714,0.020235671,0.307099783,0,0,0,0.303872815,0.144451635,0.542433143,0.083363339,0.13660831,0.058264699,0.200072013,0,0,0.428514452,0.01479027,0,0.227725335,0.032807507,0,0.042264632,0.310864579,0,1.865321929,0,0,0,0,0,0,0,0,0,0,0,0,0,0,0,0,0,0,0,0,0,0,0,0,0,0,0,0,0,0,0,0,0,0,0,0,0,0,0,0,0,0,0,0,0,0,0,0,0,0,0
2023,7,6,0,2,1,-1,-1,635,0.00099777,0.163446817,10.1254292,33.66815865,6.170639822,2.883868701,6.229166611,12.18430268,3.376989252,2.297395547,1.088225033,3.483687119,1.333553841,2.029684212,1.644073361,2.500505547,1.301455376,0.957332328,0.898761789,0.806846756,1.013280875,0.342434766,0.438653082,0.561840874,1.067786405,0.254329445,0.63188793,0.332939319,0.07423411,0.058203267,0.07107688,0.032227981,0.026440913,0.024934755,0.080320509,0.029683666,0.089200665,0,0.106661645,0.100475469,0.058968225,0.006685061,0.145574687,0.108258077,0.255863461,0,0.036481032,0.036668058,0,0.007217205,0.863151217,0,0,0,0,0,0,0,0,0,0,0,0,0,0,0,0,0,0,0,0,0,0,0,0,0,0,0,0,0,0,0,0,0,0,0,0,0,0,0,0,0,0,0,0,0,0,0,0,0,0,0
