"Year","Quantity","Assessment_Year","Value"
1891,"SSB","2005",NA
1891,"SSB","2007",NA
1891,"SSB","2011",NA
1891,"SSB","2015",NA
1892,"SSB","2005",NA
1892,"SSB","2007",NA
1892,"SSB","2011",NA
1892,"SSB","2015",NA
1893,"SSB","2005",NA
1893,"SSB","2007",NA
1893,"SSB","2011",NA
1893,"SSB","2015",NA
1894,"SSB","2005",NA
1894,"SSB","2007",NA
1894,"SSB","2011",NA
1894,"SSB","2015",NA
1895,"SSB","2005",NA
1895,"SSB","2007",NA
1895,"SSB","2011",NA
1895,"SSB","2015",NA
1896,"SSB","2005",NA
1896,"SSB","2007",NA
1896,"SSB","2011",NA
1896,"SSB","2015",NA
1897,"SSB","2005",NA
1897,"SSB","2007",NA
1897,"SSB","2011",NA
1897,"SSB","2015",NA
1898,"SSB","2005",NA
1898,"SSB","2007",NA
1898,"SSB","2011",NA
1898,"SSB","2015",NA
1899,"SSB","2005",NA
1899,"SSB","2007",NA
1899,"SSB","2011",NA
1899,"SSB","2015",NA
1900,"SSB","2005",NA
1900,"SSB","2007",244803
1900,"SSB","2011",178804
1900,"SSB","2015",146687
1901,"SSB","2005",NA
1901,"SSB","2007",244809
1901,"SSB","2011",178544
1901,"SSB","2015",146402
1902,"SSB","2005",NA
1902,"SSB","2007",244788
1902,"SSB","2011",178259
1902,"SSB","2015",146093
1903,"SSB","2005",NA
1903,"SSB","2007",244740
1903,"SSB","2011",177943
1903,"SSB","2015",145751
1904,"SSB","2005",NA
1904,"SSB","2007",244662
1904,"SSB","2011",177595
1904,"SSB","2015",145378
1905,"SSB","2005",NA
1905,"SSB","2007",244555
1905,"SSB","2011",177215
1905,"SSB","2015",144972
1906,"SSB","2005",NA
1906,"SSB","2007",244418
1906,"SSB","2011",176826
1906,"SSB","2015",144557
1907,"SSB","2005",NA
1907,"SSB","2007",244253
1907,"SSB","2011",176428
1907,"SSB","2015",144133
1908,"SSB","2005",NA
1908,"SSB","2007",244059
1908,"SSB","2011",176024
1908,"SSB","2015",143703
1909,"SSB","2005",NA
1909,"SSB","2007",243838
1909,"SSB","2011",175613
1909,"SSB","2015",143267
1910,"SSB","2005",NA
1910,"SSB","2007",243591
1910,"SSB","2011",175166
1910,"SSB","2015",142796
1911,"SSB","2005",NA
1911,"SSB","2007",243318
1911,"SSB","2011",174683
1911,"SSB","2015",142289
1912,"SSB","2005",NA
1912,"SSB","2007",243020
1912,"SSB","2011",174163
1912,"SSB","2015",141746
1913,"SSB","2005",NA
1913,"SSB","2007",242700
1913,"SSB","2011",173604
1913,"SSB","2015",141166
1914,"SSB","2005",NA
1914,"SSB","2007",242356
1914,"SSB","2011",173008
1914,"SSB","2015",140550
1915,"SSB","2005",NA
1915,"SSB","2007",241990
1915,"SSB","2011",172373
1915,"SSB","2015",139896
1916,"SSB","2005",NA
1916,"SSB","2007",241604
1916,"SSB","2011",171700
1916,"SSB","2015",139208
1917,"SSB","2005",NA
1917,"SSB","2007",241197
1917,"SSB","2011",170578
1917,"SSB","2015",138067
1918,"SSB","2005",NA
1918,"SSB","2007",240771
1918,"SSB","2011",169081
1918,"SSB","2015",136548
1919,"SSB","2005",NA
1919,"SSB","2007",240326
1919,"SSB","2011",167093
1919,"SSB","2015",134536
1920,"SSB","2005",NA
1920,"SSB","2007",239862
1920,"SSB","2011",165937
1920,"SSB","2015",133363
1921,"SSB","2005",NA
1921,"SSB","2007",239382
1921,"SSB","2011",164969
1921,"SSB","2015",132388
1922,"SSB","2005",NA
1922,"SSB","2007",238885
1922,"SSB","2011",163817
1922,"SSB","2015",131235
1923,"SSB","2005",NA
1923,"SSB","2007",238372
1923,"SSB","2011",162970
1923,"SSB","2015",130397
1924,"SSB","2005",NA
1924,"SSB","2007",237843
1924,"SSB","2011",161713
1924,"SSB","2015",129151
1925,"SSB","2005",NA
1925,"SSB","2007",237300
1925,"SSB","2011",160438
1925,"SSB","2015",127891
1926,"SSB","2005",NA
1926,"SSB","2007",236742
1926,"SSB","2011",159048
1926,"SSB","2015",126522
1927,"SSB","2005",NA
1927,"SSB","2007",236170
1927,"SSB","2011",157815
1927,"SSB","2015",125316
1928,"SSB","2005",NA
1928,"SSB","2007",235585
1928,"SSB","2011",156341
1928,"SSB","2015",123874
1929,"SSB","2005",NA
1929,"SSB","2007",234987
1929,"SSB","2011",155008
1929,"SSB","2015",122579
1930,"SSB","2005",NA
1930,"SSB","2007",234377
1930,"SSB","2011",153607
1930,"SSB","2015",121226
1931,"SSB","2005",NA
1931,"SSB","2007",233755
1931,"SSB","2011",152059
1931,"SSB","2015",119735
1932,"SSB","2005",NA
1932,"SSB","2007",233121
1932,"SSB","2011",150938
1932,"SSB","2015",118684
1933,"SSB","2005",NA
1933,"SSB","2007",232476
1933,"SSB","2011",149740
1933,"SSB","2015",117565
1934,"SSB","2005",NA
1934,"SSB","2007",231666
1934,"SSB","2011",148554
1934,"SSB","2015",116465
1935,"SSB","2005",NA
1935,"SSB","2007",230694
1935,"SSB","2011",147066
1935,"SSB","2015",115071
1936,"SSB","2005",NA
1936,"SSB","2007",229560
1936,"SSB","2011",145316
1936,"SSB","2015",113422
1937,"SSB","2005",NA
1937,"SSB","2007",228877
1937,"SSB","2011",143804
1937,"SSB","2015",112023
1938,"SSB","2005",NA
1938,"SSB","2007",228200
1938,"SSB","2011",142302
1938,"SSB","2015",110642
1939,"SSB","2005",NA
1939,"SSB","2007",227672
1939,"SSB","2011",140867
1939,"SSB","2015",109334
1940,"SSB","2005",NA
1940,"SSB","2007",227058
1940,"SSB","2011",139264
1940,"SSB","2015",107866
1941,"SSB","2005",NA
1941,"SSB","2007",226640
1941,"SSB","2011",137927
1941,"SSB","2015",106671
1942,"SSB","2005",NA
1942,"SSB","2007",226322
1942,"SSB","2011",136535
1942,"SSB","2015",105430
1943,"SSB","2005",NA
1943,"SSB","2007",225654
1943,"SSB","2011",134697
1943,"SSB","2015",103738
1944,"SSB","2005",NA
1944,"SSB","2007",224657
1944,"SSB","2011",132653
1944,"SSB","2015",101842
1945,"SSB","2005",NA
1945,"SSB","2007",223379
1945,"SSB","2011",130507
1945,"SSB","2015",99859.2
1946,"SSB","2005",NA
1946,"SSB","2007",221953
1946,"SSB","2011",128162
1946,"SSB","2015",97695
1947,"SSB","2005",NA
1947,"SSB","2007",220748
1947,"SSB","2011",125753
1947,"SSB","2015",95489.4
1948,"SSB","2005",NA
1948,"SSB","2007",220382
1948,"SSB","2011",124062
1948,"SSB","2015",94018.3
1949,"SSB","2005",NA
1949,"SSB","2007",219837
1949,"SSB","2011",122236
1949,"SSB","2015",92398.6
1950,"SSB","2005",249836
1950,"SSB","2007",219302
1950,"SSB","2011",120608
1950,"SSB","2015",90962.2
1951,"SSB","2005",246974
1951,"SSB","2007",218963
1951,"SSB","2011",119162
1951,"SSB","2015",89692.4
1952,"SSB","2005",242061
1952,"SSB","2007",218178
1952,"SSB","2011",117320
1952,"SSB","2015",88008
1953,"SSB","2005",237464
1953,"SSB","2007",217941
1953,"SSB","2011",116085
1953,"SSB","2015",86917.9
1954,"SSB","2005",233707
1954,"SSB","2007",218034
1954,"SSB","2011",115129
1954,"SSB","2015",86084.4
1955,"SSB","2005",230038
1955,"SSB","2007",217823
1955,"SSB","2011",114095
1955,"SSB","2015",85136.5
1956,"SSB","2005",226691
1956,"SSB","2007",217625
1956,"SSB","2011",113324
1956,"SSB","2015",84409.1
1957,"SSB","2005",222810
1957,"SSB","2007",216626
1957,"SSB","2011",112465
1957,"SSB","2015",83541.4
1958,"SSB","2005",219192
1958,"SSB","2007",215788
1958,"SSB","2011",112142
1958,"SSB","2015",83156.6
1959,"SSB","2005",216386
1959,"SSB","2007",215484
1959,"SSB","2011",112702
1959,"SSB","2015",83581.4
1960,"SSB","2005",212977
1960,"SSB","2007",214826
1960,"SSB","2011",113564
1960,"SSB","2015",84213.6
1961,"SSB","2005",208797
1961,"SSB","2007",213786
1961,"SSB","2011",114826
1961,"SSB","2015",85139.5
1962,"SSB","2005",204942
1962,"SSB","2007",213160
1962,"SSB","2011",117268
1962,"SSB","2015",87132.3
1963,"SSB","2005",201129
1963,"SSB","2007",212325
1963,"SSB","2011",120342
1963,"SSB","2015",89645.9
1964,"SSB","2005",198312
1964,"SSB","2007",211899
1964,"SSB","2011",124625
1964,"SSB","2015",93262.3
1965,"SSB","2005",196257
1965,"SSB","2007",211327
1965,"SSB","2011",129830
1965,"SSB","2015",97759.2
1966,"SSB","2005",195160
1966,"SSB","2007",210803
1966,"SSB","2011",136099
1966,"SSB","2015",103410
1967,"SSB","2005",195489
1967,"SSB","2007",210687
1967,"SSB","2011",143409
1967,"SSB","2015",110708
1968,"SSB","2005",195499
1968,"SSB","2007",209315
1968,"SSB","2011",149289
1968,"SSB","2015",116623
1969,"SSB","2005",197178
1969,"SSB","2007",208608
1969,"SSB","2011",155109
1969,"SSB","2015",122407
1970,"SSB","2005",197777
1970,"SSB","2007",206644
1970,"SSB","2011",159117
1970,"SSB","2015",126085
1971,"SSB","2005",199636
1971,"SSB","2007",205435
1971,"SSB","2011",163461
1971,"SSB","2015",129356
1972,"SSB","2005",201228
1972,"SSB","2007",204089
1972,"SSB","2011",168902
1972,"SSB","2015",132432
1973,"SSB","2005",201329
1973,"SSB","2007",201302
1973,"SSB","2011",173542
1973,"SSB","2015",134230
1974,"SSB","2005",202539
1974,"SSB","2007",199088
1974,"SSB","2011",178043
1974,"SSB","2015",139454
1975,"SSB","2005",201375
1975,"SSB","2007",194958
1975,"SSB","2011",179436
1975,"SSB","2015",142418
1976,"SSB","2005",198855
1976,"SSB","2007",191487
1976,"SSB","2011",176479
1976,"SSB","2015",141276
1977,"SSB","2005",189010
1977,"SSB","2007",182509
1977,"SSB","2011",166863
1977,"SSB","2015",132894
1978,"SSB","2005",186202
1978,"SSB","2007",181322
1978,"SSB","2011",165216
1978,"SSB","2015",130855
1979,"SSB","2005",181346
1979,"SSB","2007",178571
1979,"SSB","2011",164610
1979,"SSB","2015",129830
1980,"SSB","2005",171261
1980,"SSB","2007",170687
1980,"SSB","2011",157523
1980,"SSB","2015",122346
1981,"SSB","2005",168571
1981,"SSB","2007",168855
1981,"SSB","2011",155108
1981,"SSB","2015",120419
1982,"SSB","2005",165600
1982,"SSB","2007",166347
1982,"SSB","2011",153177
1982,"SSB","2015",118835
1983,"SSB","2005",160090
1983,"SSB","2007",160174
1983,"SSB","2011",147775
1983,"SSB","2015",114082
1984,"SSB","2005",155928
1984,"SSB","2007",155054
1984,"SSB","2011",144216
1984,"SSB","2015",111180
1985,"SSB","2005",151928
1985,"SSB","2007",149662
1985,"SSB","2011",140349
1985,"SSB","2015",107978
1986,"SSB","2005",145757
1986,"SSB","2007",142833
1986,"SSB","2011",134469
1986,"SSB","2015",103066
1987,"SSB","2005",136769
1987,"SSB","2007",135740
1987,"SSB","2011",128737
1987,"SSB","2015",98263.9
1988,"SSB","2005",134318
1988,"SSB","2007",128070
1988,"SSB","2011",124548
1988,"SSB","2015",94832.5
1989,"SSB","2005",130329
1989,"SSB","2007",121875
1989,"SSB","2011",121772
1989,"SSB","2015",92958.2
1990,"SSB","2005",127067
1990,"SSB","2007",116672
1990,"SSB","2011",119233
1990,"SSB","2015",91350
1991,"SSB","2005",124268
1991,"SSB","2007",112358
1991,"SSB","2011",116773
1991,"SSB","2015",89999.2
1992,"SSB","2005",122065
1992,"SSB","2007",108787
1992,"SSB","2011",114912
1992,"SSB","2015",88797
1993,"SSB","2005",120140
1993,"SSB","2007",105902
1993,"SSB","2011",114145
1993,"SSB","2015",88626
1994,"SSB","2005",118875
1994,"SSB","2007",103341
1994,"SSB","2011",112799
1994,"SSB","2015",88044
1995,"SSB","2005",116921
1995,"SSB","2007",100408
1995,"SSB","2011",110589
1995,"SSB","2015",86756.6
1996,"SSB","2005",113201
1996,"SSB","2007",96348.9
1996,"SSB","2011",106824
1996,"SSB","2015",84140.4
1997,"SSB","2005",107854
1997,"SSB","2007",91846
1997,"SSB","2011",102798
1997,"SSB","2015",81207.7
1998,"SSB","2005",102859
1998,"SSB","2007",88183.7
1998,"SSB","2011",99603.1
1998,"SSB","2015",79241.3
1999,"SSB","2005",99856
1999,"SSB","2007",86069.7
1999,"SSB","2011",96766
1999,"SSB","2015",77759.4
2000,"SSB","2005",95567
2000,"SSB","2007",82138.1
2000,"SSB","2011",92141.7
2000,"SSB","2015",74570.7
2001,"SSB","2005",91135
2001,"SSB","2007",78033.7
2001,"SSB","2011",87301.1
2001,"SSB","2015",71065.9
2002,"SSB","2005",87240
2002,"SSB","2007",76036.2
2002,"SSB","2011",85517.7
2002,"SSB","2015",70426.1
2003,"SSB","2005",86657
2003,"SSB","2007",79135.5
2003,"SSB","2011",85931.4
2003,"SSB","2015",72244.4
2004,"SSB","2005",87628
2004,"SSB","2007",83707.3
2004,"SSB","2011",86324.1
2004,"SSB","2015",74192.1
2005,"SSB","2005",NA
2005,"SSB","2007",88531
2005,"SSB","2011",85741
2005,"SSB","2015",75199.9
2006,"SSB","2005",NA
2006,"SSB","2007",91607
2006,"SSB","2011",83508
2006,"SSB","2015",74484.6
2007,"SSB","2005",NA
2007,"SSB","2007",93831.2
2007,"SSB","2011",80139.2
2007,"SSB","2015",72608.9
2008,"SSB","2005",NA
2008,"SSB","2007",NA
2008,"SSB","2011",75949
2008,"SSB","2015",69740.5
2009,"SSB","2005",NA
2009,"SSB","2007",NA
2009,"SSB","2011",70773.3
2009,"SSB","2015",65697.6
2010,"SSB","2005",NA
2010,"SSB","2007",NA
2010,"SSB","2011",64499.6
2010,"SSB","2015",60360.2
2011,"SSB","2005",NA
2011,"SSB","2007",NA
2011,"SSB","2011",60956.6
2011,"SSB","2015",57637.4
2012,"SSB","2005",NA
2012,"SSB","2007",NA
2012,"SSB","2011",NA
2012,"SSB","2015",54799.7
2013,"SSB","2005",NA
2013,"SSB","2007",NA
2013,"SSB","2011",NA
2013,"SSB","2015",53841.2
2014,"SSB","2005",NA
2014,"SSB","2007",NA
2014,"SSB","2011",NA
2014,"SSB","2015",53125.2
2015,"SSB","2005",NA
2015,"SSB","2007",NA
2015,"SSB","2011",NA
2015,"SSB","2015",52000.9
2016,"SSB","2005",NA
2016,"SSB","2007",NA
2016,"SSB","2011",NA
2016,"SSB","2015",NA
2017,"SSB","2005",NA
2017,"SSB","2007",NA
2017,"SSB","2011",NA
2017,"SSB","2015",NA
2018,"SSB","2005",NA
2018,"SSB","2007",NA
2018,"SSB","2011",NA
2018,"SSB","2015",NA
2019,"SSB","2005",NA
2019,"SSB","2007",NA
2019,"SSB","2011",NA
2019,"SSB","2015",NA
1888,"SSB (MT)","2019",147729
1889,"SSB (MT)","2019",147729
1890,"SSB (MT)","2019",142978
1891,"SSB (MT)","2019",142636
1892,"SSB (MT)","2019",142275
1893,"SSB (MT)","2019",141895
1894,"SSB (MT)","2019",141490
1895,"SSB (MT)","2019",141059
1896,"SSB (MT)","2019",140601
1897,"SSB (MT)","2019",140120
1898,"SSB (MT)","2019",139614
1899,"SSB (MT)","2019",139086
1900,"SSB (MT)","2019",138533
1901,"SSB (MT)","2019",137941
1902,"SSB (MT)","2019",137309
1903,"SSB (MT)","2019",136636
1904,"SSB (MT)","2019",135921
1905,"SSB (MT)","2019",135164
1906,"SSB (MT)","2019",134393
1907,"SSB (MT)","2019",133597
1908,"SSB (MT)","2019",132771
1909,"SSB (MT)","2019",131953
1910,"SSB (MT)","2019",131072
1911,"SSB (MT)","2019",130128
1912,"SSB (MT)","2019",129120
1913,"SSB (MT)","2019",128050
1914,"SSB (MT)","2019",126919
1915,"SSB (MT)","2019",125729
1916,"SSB (MT)","2019",124482
1917,"SSB (MT)","2019",122707
1918,"SSB (MT)","2019",120565
1919,"SSB (MT)","2019",117856
1920,"SSB (MT)","2019",116264
1921,"SSB (MT)","2019",114818
1922,"SSB (MT)","2019",113214
1923,"SSB (MT)","2019",111780
1924,"SSB (MT)","2019",109974
1925,"SSB (MT)","2019",107949
1926,"SSB (MT)","2019",105745
1927,"SSB (MT)","2019",103759
1928,"SSB (MT)","2019",101312
1929,"SSB (MT)","2019",99020.6
1930,"SSB (MT)","2019",96580.9
1931,"SSB (MT)","2019",93919.3
1932,"SSB (MT)","2019",91914.3
1933,"SSB (MT)","2019",89789.7
1934,"SSB (MT)","2019",87834.1
1935,"SSB (MT)","2019",85303.6
1936,"SSB (MT)","2019",82397
1937,"SSB (MT)","2019",80028.4
1938,"SSB (MT)","2019",77643
1939,"SSB (MT)","2019",75442.6
1940,"SSB (MT)","2019",73133.7
1941,"SSB (MT)","2019",71224.6
1942,"SSB (MT)","2019",69583.1
1943,"SSB (MT)","2019",67634.2
1944,"SSB (MT)","2019",65639.1
1945,"SSB (MT)","2019",63490.2
1946,"SSB (MT)","2019",61244.7
1947,"SSB (MT)","2019",58726.2
1948,"SSB (MT)","2019",57319.3
1949,"SSB (MT)","2019",55896
1950,"SSB (MT)","2019",54597.1
1951,"SSB (MT)","2019",53621.9
1952,"SSB (MT)","2019",51980.4
1953,"SSB (MT)","2019",51309.2
1954,"SSB (MT)","2019",51446
1955,"SSB (MT)","2019",51679.1
1956,"SSB (MT)","2019",52356.5
1957,"SSB (MT)","2019",52896.2
1958,"SSB (MT)","2019",53985.9
1959,"SSB (MT)","2019",56463.3
1960,"SSB (MT)","2019",59527.5
1961,"SSB (MT)","2019",62948.2
1962,"SSB (MT)","2019",69694.5
1963,"SSB (MT)","2019",81751.3
1964,"SSB (MT)","2019",94162.1
1965,"SSB (MT)","2019",103644
1966,"SSB (MT)","2019",110669
1967,"SSB (MT)","2019",117800
1968,"SSB (MT)","2019",126880
1969,"SSB (MT)","2019",140481
1970,"SSB (MT)","2019",158648
1971,"SSB (MT)","2019",174886
1972,"SSB (MT)","2019",184470
1973,"SSB (MT)","2019",186690
1974,"SSB (MT)","2019",186134
1975,"SSB (MT)","2019",181085
1976,"SSB (MT)","2019",172398
1977,"SSB (MT)","2019",159658
1978,"SSB (MT)","2019",157415
1979,"SSB (MT)","2019",154181
1980,"SSB (MT)","2019",144902
1981,"SSB (MT)","2019",143038
1982,"SSB (MT)","2019",139745
1983,"SSB (MT)","2019",134086
1984,"SSB (MT)","2019",129733
1985,"SSB (MT)","2019",124643
1986,"SSB (MT)","2019",117390
1987,"SSB (MT)","2019",109742
1988,"SSB (MT)","2019",103861
1989,"SSB (MT)","2019",100543
1990,"SSB (MT)","2019",97762.4
1991,"SSB (MT)","2019",94831.1
1992,"SSB (MT)","2019",91315.5
1993,"SSB (MT)","2019",88883.5
1994,"SSB (MT)","2019",87781.9
1995,"SSB (MT)","2019",85549.4
1996,"SSB (MT)","2019",81398.6
1997,"SSB (MT)","2019",76208.1
1998,"SSB (MT)","2019",71771.4
1999,"SSB (MT)","2019",69934.5
2000,"SSB (MT)","2019",66326.7
2001,"SSB (MT)","2019",61824.7
2002,"SSB (MT)","2019",58927.2
2003,"SSB (MT)","2019",61368.3
2004,"SSB (MT)","2019",66583.7
2005,"SSB (MT)","2019",71451.4
2006,"SSB (MT)","2019",73499.4
2007,"SSB (MT)","2019",72787.3
2008,"SSB (MT)","2019",70583.2
2009,"SSB (MT)","2019",66591.9
2010,"SSB (MT)","2019",60844.5
2011,"SSB (MT)","2019",56029.8
2012,"SSB (MT)","2019",54047.6
2013,"SSB (MT)","2019",53475.4
2014,"SSB (MT)","2019",53617.3
2015,"SSB (MT)","2019",53171.7
2016,"SSB (MT)","2019",52468.9
2017,"SSB (MT)","2019",53372.7
2018,"SSB (MT)","2019",54624.3
2019,"SSB (MT)","2019",57443.9
1888,"SSB (MT)","2021",168875
1889,"SSB (MT)","2021",168875
1890,"SSB (MT)","2021",163972
1891,"SSB (MT)","2021",163640
1892,"SSB (MT)","2021",163290
1893,"SSB (MT)","2021",162923
1894,"SSB (MT)","2021",162533
1895,"SSB (MT)","2021",162119
1896,"SSB (MT)","2021",161680
1897,"SSB (MT)","2021",161219
1898,"SSB (MT)","2021",160738
1899,"SSB (MT)","2021",160235
1900,"SSB (MT)","2021",159711
1901,"SSB (MT)","2021",159152
1902,"SSB (MT)","2021",158555
1903,"SSB (MT)","2021",157920
1904,"SSB (MT)","2021",157248
1905,"SSB (MT)","2021",156537
1906,"SSB (MT)","2021",155813
1907,"SSB (MT)","2021",155069
1908,"SSB (MT)","2021",154296
1909,"SSB (MT)","2021",153534
1910,"SSB (MT)","2021",152712
1911,"SSB (MT)","2021",151831
1912,"SSB (MT)","2021",150890
1913,"SSB (MT)","2021",149890
1914,"SSB (MT)","2021",148831
1915,"SSB (MT)","2021",147715
1916,"SSB (MT)","2021",146545
1917,"SSB (MT)","2021",144861
1918,"SSB (MT)","2021",142821
1919,"SSB (MT)","2021",140221
1920,"SSB (MT)","2021",138705
1921,"SSB (MT)","2021",137334
1922,"SSB (MT)","2021",135808
1923,"SSB (MT)","2021",134441
1924,"SSB (MT)","2021",132710
1925,"SSB (MT)","2021",130764
1926,"SSB (MT)","2021",128637
1927,"SSB (MT)","2021",126714
1928,"SSB (MT)","2021",124330
1929,"SSB (MT)","2021",122070
1930,"SSB (MT)","2021",119643
1931,"SSB (MT)","2021",116972
1932,"SSB (MT)","2021",114916
1933,"SSB (MT)","2021",112733
1934,"SSB (MT)","2021",110717
1935,"SSB (MT)","2021",108134
1936,"SSB (MT)","2021",105171
1937,"SSB (MT)","2021",102708
1938,"SSB (MT)","2021",100260
1939,"SSB (MT)","2021",98068.9
1940,"SSB (MT)","2021",95759.2
1941,"SSB (MT)","2021",93820.3
1942,"SSB (MT)","2021",92209
1943,"SSB (MT)","2021",90368.4
1944,"SSB (MT)","2021",88490.8
1945,"SSB (MT)","2021",86382.8
1946,"SSB (MT)","2021",84072.2
1947,"SSB (MT)","2021",81397.8
1948,"SSB (MT)","2021",79776.1
1949,"SSB (MT)","2021",78138.8
1950,"SSB (MT)","2021",76595.5
1951,"SSB (MT)","2021",75366.8
1952,"SSB (MT)","2021",73531.2
1953,"SSB (MT)","2021",72658
1954,"SSB (MT)","2021",72562.4
1955,"SSB (MT)","2021",72539.4
1956,"SSB (MT)","2021",72962.9
1957,"SSB (MT)","2021",73214.9
1958,"SSB (MT)","2021",74003.2
1959,"SSB (MT)","2021",76205.1
1960,"SSB (MT)","2021",78746.6
1961,"SSB (MT)","2021",81279.2
1962,"SSB (MT)","2021",84605
1963,"SSB (MT)","2021",88139.9
1964,"SSB (MT)","2021",91854.2
1965,"SSB (MT)","2021",95449
1966,"SSB (MT)","2021",99285.2
1967,"SSB (MT)","2021",103099
1968,"SSB (MT)","2021",105801
1969,"SSB (MT)","2021",117917
1970,"SSB (MT)","2021",146379
1971,"SSB (MT)","2021",176229
1972,"SSB (MT)","2021",196299
1973,"SSB (MT)","2021",205308
1974,"SSB (MT)","2021",208275
1975,"SSB (MT)","2021",204892
1976,"SSB (MT)","2021",195746
1977,"SSB (MT)","2021",179811
1978,"SSB (MT)","2021",173568
1979,"SSB (MT)","2021",166961
1980,"SSB (MT)","2021",155984
1981,"SSB (MT)","2021",152668
1982,"SSB (MT)","2021",149051
1983,"SSB (MT)","2021",144988
1984,"SSB (MT)","2021",142381
1985,"SSB (MT)","2021",138846
1986,"SSB (MT)","2021",133034
1987,"SSB (MT)","2021",126423
1988,"SSB (MT)","2021",121081
1989,"SSB (MT)","2021",117897
1990,"SSB (MT)","2021",114731
1991,"SSB (MT)","2021",110981
1992,"SSB (MT)","2021",106863
1993,"SSB (MT)","2021",103876
1994,"SSB (MT)","2021",102757
1995,"SSB (MT)","2021",100679
1996,"SSB (MT)","2021",96752.6
1997,"SSB (MT)","2021",91619.2
1998,"SSB (MT)","2021",87304.8
1999,"SSB (MT)","2021",85897
2000,"SSB (MT)","2021",82606.6
2001,"SSB (MT)","2021",78017.1
2002,"SSB (MT)","2021",74104
2003,"SSB (MT)","2021",75410.6
2004,"SSB (MT)","2021",82490
2005,"SSB (MT)","2021",90497
2006,"SSB (MT)","2021",95212.3
2007,"SSB (MT)","2021",96184.2
2008,"SSB (MT)","2021",94814
2009,"SSB (MT)","2021",91041.9
2010,"SSB (MT)","2021",85111.8
2011,"SSB (MT)","2021",80351.5
2012,"SSB (MT)","2021",79223
2013,"SSB (MT)","2021",79605.1
2014,"SSB (MT)","2021",80187.9
2015,"SSB (MT)","2021",79676.1
2016,"SSB (MT)","2021",78633.2
2017,"SSB (MT)","2021",79326.7
2018,"SSB (MT)","2021",80687.2
2019,"SSB (MT)","2021",83925.1
2020,"SSB (MT)","2021",90756.5
2021,"SSB (MT)","2021",97801.9
1888,"SSB (MT)","2023",186534
1889,"SSB (MT)","2023",186534
1890,"SSB (MT)","2023",179356
1891,"SSB (MT)","2023",178887
1892,"SSB (MT)","2023",178397
1893,"SSB (MT)","2023",177885
1894,"SSB (MT)","2023",177343
1895,"SSB (MT)","2023",176770
1896,"SSB (MT)","2023",176166
1897,"SSB (MT)","2023",175534
1898,"SSB (MT)","2023",174876
1899,"SSB (MT)","2023",174191
1900,"SSB (MT)","2023",173481
1901,"SSB (MT)","2023",172730
1902,"SSB (MT)","2023",171938
1903,"SSB (MT)","2023",171104
1904,"SSB (MT)","2023",170227
1905,"SSB (MT)","2023",169308
1906,"SSB (MT)","2023",168373
1907,"SSB (MT)","2023",167411
1908,"SSB (MT)","2023",166417
1909,"SSB (MT)","2023",165427
1910,"SSB (MT)","2023",164375
1911,"SSB (MT)","2023",163260
1912,"SSB (MT)","2023",162083
1913,"SSB (MT)","2023",160845
1914,"SSB (MT)","2023",159546
1915,"SSB (MT)","2023",158189
1916,"SSB (MT)","2023",156775
1917,"SSB (MT)","2023",154867
1918,"SSB (MT)","2023",152615
1919,"SSB (MT)","2023",149827
1920,"SSB (MT)","2023",148074
1921,"SSB (MT)","2023",146455
1922,"SSB (MT)","2023",144686
1923,"SSB (MT)","2023",143067
1924,"SSB (MT)","2023",141098
1925,"SSB (MT)","2023",138921
1926,"SSB (MT)","2023",136571
1927,"SSB (MT)","2023",134417
1928,"SSB (MT)","2023",131817
1929,"SSB (MT)","2023",129324
1930,"SSB (MT)","2023",126656
1931,"SSB (MT)","2023",123750
1932,"SSB (MT)","2023",121436
1933,"SSB (MT)","2023",119005
1934,"SSB (MT)","2023",116737
1935,"SSB (MT)","2023",113935
1936,"SSB (MT)","2023",110779
1937,"SSB (MT)","2023",108118
1938,"SSB (MT)","2023",105435
1939,"SSB (MT)","2023",102917
1940,"SSB (MT)","2023",100314
1941,"SSB (MT)","2023",98098.6
1942,"SSB (MT)","2023",96108.7
1943,"SSB (MT)","2023",93808.2
1944,"SSB (MT)","2023",91482.7
1945,"SSB (MT)","2023",89051
1946,"SSB (MT)","2023",86551.2
1947,"SSB (MT)","2023",83796.1
1948,"SSB (MT)","2023",82083.1
1949,"SSB (MT)","2023",80352
1950,"SSB (MT)","2023",78747
1951,"SSB (MT)","2023",77467.9
1952,"SSB (MT)","2023",75588.8
1953,"SSB (MT)","2023",74611.3
1954,"SSB (MT)","2023",74361.2
1955,"SSB (MT)","2023",74136.3
1956,"SSB (MT)","2023",74272
1957,"SSB (MT)","2023",74305.2
1958,"SSB (MT)","2023",74779.5
1959,"SSB (MT)","2023",76287.8
1960,"SSB (MT)","2023",78047
1961,"SSB (MT)","2023",79983.7
1962,"SSB (MT)","2023",82854.8
1963,"SSB (MT)","2023",85995.6
1964,"SSB (MT)","2023",89591.5
1965,"SSB (MT)","2023",93355.3
1966,"SSB (MT)","2023",97426.6
1967,"SSB (MT)","2023",101648
1968,"SSB (MT)","2023",105031
1969,"SSB (MT)","2023",115199
1970,"SSB (MT)","2023",136276
1971,"SSB (MT)","2023",158257
1972,"SSB (MT)","2023",173034
1973,"SSB (MT)","2023",179363
1974,"SSB (MT)","2023",181565
1975,"SSB (MT)","2023",178922
1976,"SSB (MT)","2023",171681
1977,"SSB (MT)","2023",158590
1978,"SSB (MT)","2023",154973
1979,"SSB (MT)","2023",150630
1980,"SSB (MT)","2023",141039
1981,"SSB (MT)","2023",138606
1982,"SSB (MT)","2023",135938
1983,"SSB (MT)","2023",132643
1984,"SSB (MT)","2023",130340
1985,"SSB (MT)","2023",127173
1986,"SSB (MT)","2023",121887
1987,"SSB (MT)","2023",115865
1988,"SSB (MT)","2023",111116
1989,"SSB (MT)","2023",108383
1990,"SSB (MT)","2023",105701
1991,"SSB (MT)","2023",102480
1992,"SSB (MT)","2023",98898.6
1993,"SSB (MT)","2023",96535.3
1994,"SSB (MT)","2023",96049.3
1995,"SSB (MT)","2023",94623.3
1996,"SSB (MT)","2023",91296
1997,"SSB (MT)","2023",86721.7
1998,"SSB (MT)","2023",82963.5
1999,"SSB (MT)","2023",82063.8
2000,"SSB (MT)","2023",79308.5
2001,"SSB (MT)","2023",75123.9
2002,"SSB (MT)","2023",71472.4
2003,"SSB (MT)","2023",73061.4
2004,"SSB (MT)","2023",81158.7
2005,"SSB (MT)","2023",90611.7
2006,"SSB (MT)","2023",96357.4
2007,"SSB (MT)","2023",97831.4
2008,"SSB (MT)","2023",96692
2009,"SSB (MT)","2023",92969.8
2010,"SSB (MT)","2023",86994.8
2011,"SSB (MT)","2023",82231.2
2012,"SSB (MT)","2023",81263.9
2013,"SSB (MT)","2023",81988.9
2014,"SSB (MT)","2023",82768.8
2015,"SSB (MT)","2023",82489.8
2016,"SSB (MT)","2023",81830.7
2017,"SSB (MT)","2023",82908.1
2018,"SSB (MT)","2023",84803.5
2019,"SSB (MT)","2023",89431.6
2020,"SSB (MT)","2023",98233
2021,"SSB (MT)","2023",106760
2022,"SSB (MT)","2023",110930
2023,"SSB (MT)","2023",117519
